[2026-08-06 15:55:16] wake_watch started pid=37595
[2026-08-06 15:55:29] periodic probe: bar unresponsive
[2026-08-06 15:55:34] kill -9 due to: sustained unresponsiveness (periodic)
[2026-08-06 15:55:38] bar relaunched (launchd)
[2026-08-06 17:37:49] periodic probe: bar unresponsive
[2026-08-06 17:37:54] kill -9 due to: sustained unresponsiveness (periodic)
[2026-08-06 17:37:56] bar relaunched (launchd)
[2026-08-07 09:19:29] periodic probe: bar unresponsive
[2026-08-07 09:19:34] kill -9 due to: sustained unresponsiveness (periodic)
[2026-08-07 09:19:36] bar relaunched (launchd)
[2026-08-07 10:46:49] periodic probe: bar unresponsive
[2026-08-07 10:46:54] kill -9 due to: sustained unresponsiveness (periodic)
[2026-08-07 10:46:58] bar relaunched (launchd)
[2026-08-07 14:43:29] periodic probe: bar unresponsive
[2026-08-07 14:43:34] kill -9 due to: sustained unresponsiveness (periodic)
[2026-08-07 14:43:38] bar relaunched (launchd)
[2026-08-08 09:43:49] periodic probe: bar unresponsive
[2026-08-08 09:43:54] kill -9 due to: sustained unresponsiveness (periodic)
[2026-08-08 09:43:56] bar relaunched (launchd)
[2026-08-08 10:59:19] periodic probe: bar unresponsive
[2026-08-08 10:59:24] kill -9 due to: sustained unresponsiveness (periodic)
[2026-08-08 10:59:26] bar relaunched (launchd)
[2026-08-08 11:59:49] periodic probe: bar unresponsive
[2026-08-08 11:59:54] kill -9 due to: sustained unresponsiveness (periodic)
[2026-08-08 11:59:58] bar relaunched (launchd)
[2026-08-09 12:14:09] periodic probe: bar unresponsive
[2026-08-09 12:14:14] kill -9 due to: sustained unresponsiveness (periodic)
[2026-08-09 12:14:16] bar relaunched (launchd)
[2026-08-09 18:02:39] periodic probe: bar unresponsive
[2026-08-09 18:02:44] kill -9 due to: sustained unresponsiveness (periodic)
[2026-08-09 18:02:48] bar relaunched (launchd)
[2026-08-10 08:29:19] periodic probe: bar unresponsive
[2026-08-10 08:29:24] kill -9 due to: sustained unresponsiveness (periodic)
[2026-08-10 08:29:26] bar relaunched (launchd)
[2026-08-10 10:17:19] periodic probe: bar unresponsive
[2026-08-10 10:17:24] kill -9 due to: sustained unresponsiveness (periodic)
[2026-08-10 10:17:26] bar relaunched (launchd)
[2026-08-10 11:14:39] periodic probe: bar unresponsive
[2026-08-10 14:37:09] periodic probe: bar unresponsive
[2026-08-10 14:37:14] kill -9 due to: sustained unresponsiveness (periodic)
[2026-08-10 14:37:16] bar relaunched (launchd)
[2026-08-10 15:33:19] periodic probe: bar unresponsive
[2026-08-10 15:33:24] kill -9 due to: sustained unresponsiveness (periodic)
[2026-08-10 15:33:26] bar relaunched (launchd)
[2026-08-10 17:10:29] periodic probe: bar unresponsive
[2026-08-10 17:10:34] kill -9 due to: sustained unresponsiveness (periodic)
[2026-08-10 17:10:36] bar relaunched (launchd)
[2026-08-11 08:21:19] periodic probe: bar unresponsive
[2026-08-11 08:21:24] kill -9 due to: sustained unresponsiveness (periodic)
[2026-08-11 08:21:28] bar relaunched (launchd)
[2026-08-11 09:42:49] periodic probe: bar unresponsive
[2026-08-11 09:42:54] kill -9 due to: sustained unresponsiveness (periodic)
[2026-08-11 09:42:56] bar relaunched (launchd)
[2026-08-11 12:51:09] periodic probe: bar unresponsive
[2026-08-11 12:51:14] kill -9 due to: sustained unresponsiveness (periodic)
[2026-08-11 12:51:16] bar relaunched (launchd)
[2026-08-11 13:06:19] periodic probe: bar unresponsive
[2026-08-11 13:06:24] kill -9 due to: sustained unresponsiveness (periodic)
[2026-08-11 13:06:40] bar relaunched via launchctl kickstart
[2026-08-11 13:15:20] wake_watch started pid=1468
[2026-08-11 13:15:21] periodic probe: bar unresponsive
[2026-08-11 13:15:26] kill -9 due to: sustained unresponsiveness (periodic)
[2026-08-11 13:15:33] bar relaunched (launchd)
[2026-08-11 13:24:09] wake notification
[2026-08-11 13:24:12] bar not responsive on attempt 1/4
[2026-08-11 13:24:13] periodic probe: bar unresponsive
[2026-08-11 13:24:15] bar not responsive on attempt 2/4
[2026-08-11 13:24:18] bar responsive on attempt 3 -> reload
[2026-08-11 13:24:18] reload due to: wake, bar responsive
[2026-08-11 13:24:22] bar healthy after reload
[2026-08-11 15:17:43] periodic probe: bar unresponsive
[2026-08-11 17:46:53] periodic probe: bar unresponsive
[2026-08-11 18:12:53] periodic probe: bar unresponsive
[2026-08-12 08:55:38] wake notification
[2026-08-12 08:55:41] bar not responsive on attempt 1/4
[2026-08-12 08:55:43] periodic probe: bar unresponsive
[2026-08-12 08:55:45] bar not responsive on attempt 2/4
[2026-08-12 08:55:48] bar not responsive on attempt 3/4
[2026-08-12 08:55:48] kill -9 due to: sustained unresponsiveness (periodic)
[2026-08-12 08:55:51] bar responsive on attempt 4 -> reload
[2026-08-12 08:55:51] reload due to: wake, bar responsive
[2026-08-12 08:55:52] bar relaunched (launchd)
[2026-08-12 08:55:55] bar wedged again right after reload -> kill
[2026-08-12 08:55:55] kill -9 due to: post-reload unresponsive
[2026-08-12 08:56:01] bar relaunched (launchd)
[2026-08-12 10:17:02] wake notification
[2026-08-12 10:17:05] bar not responsive on attempt 1/4
[2026-08-12 10:17:08] bar not responsive on attempt 2/4
[2026-08-12 10:17:11] bar not responsive on attempt 3/4
[2026-08-12 10:17:13] periodic probe: bar unresponsive
[2026-08-12 10:17:14] bar not responsive on attempt 4/4
[2026-08-12 10:17:16] bar never responded in 4 attempts -> kill
[2026-08-12 10:17:16] kill -9 due to: wake, bar never responded
[2026-08-12 10:17:18] kill -9 due to: sustained unresponsiveness (periodic)
[2026-08-12 10:17:29] bar relaunched (launchd)
[2026-08-12 10:17:30] bar relaunched (launchd)
[2026-08-12 14:26:27] wake notification
[2026-08-12 14:26:30] bar not responsive on attempt 1/4
[2026-08-12 14:26:33] periodic probe: bar unresponsive
[2026-08-12 14:26:34] bar not responsive on attempt 2/4
[2026-08-12 14:26:37] bar not responsive on attempt 3/4
[2026-08-12 14:26:38] kill -9 due to: sustained unresponsiveness (periodic)
[2026-08-12 14:26:40] bar not responsive on attempt 4/4
[2026-08-12 14:26:40] bar relaunched (launchd)
[2026-08-12 14:26:42] bar never responded in 4 attempts -> kill
[2026-08-12 14:26:42] kill -9 due to: wake, bar never responded
[2026-08-12 14:26:52] bar relaunched (launchd)
[2026-08-12 18:13:40] wake notification
[2026-08-12 18:13:43] periodic probe: bar unresponsive
[2026-08-12 18:13:43] bar not responsive on attempt 1/4
[2026-08-12 18:13:46] bar not responsive on attempt 2/4
[2026-08-12 18:13:48] kill -9 due to: sustained unresponsiveness (periodic)
[2026-08-12 18:13:49] bar not responsive on attempt 3/4
[2026-08-12 18:13:52] bar relaunched (launchd)
[2026-08-12 18:13:52] bar not responsive on attempt 4/4
[2026-08-12 18:13:55] bar never responded in 4 attempts -> kill
[2026-08-12 18:13:55] kill -9 due to: wake, bar never responded
[2026-08-12 18:14:01] bar relaunched (launchd)
[2026-08-13 09:24:39] wake notification
[2026-08-13 09:24:42] bar not responsive on attempt 1/4
[2026-08-13 09:24:43] periodic probe: bar unresponsive
[2026-08-13 09:24:45] bar not responsive on attempt 2/4
[2026-08-13 09:24:48] kill -9 due to: sustained unresponsiveness (periodic)
[2026-08-13 09:24:48] bar not responsive on attempt 3/4
[2026-08-13 09:24:51] bar responsive on attempt 4 -> reload
[2026-08-13 09:24:51] reload due to: wake, bar responsive
[2026-08-13 09:24:52] bar relaunched (launchd)
[2026-08-13 09:24:55] bar healthy after reload
[2026-08-13 10:36:39] wake notification
[2026-08-13 10:36:42] bar not responsive on attempt 1/4
[2026-08-13 10:36:43] periodic probe: bar unresponsive
[2026-08-13 10:36:45] bar not responsive on attempt 2/4
[2026-08-13 10:36:48] bar not responsive on attempt 3/4
[2026-08-13 10:36:48] kill -9 due to: sustained unresponsiveness (periodic)
[2026-08-13 10:36:51] bar not responsive on attempt 4/4
[2026-08-13 10:36:52] bar relaunched (launchd)
[2026-08-13 10:36:53] bar never responded in 4 attempts -> kill
[2026-08-13 10:36:53] kill -9 due to: wake, bar never responded
[2026-08-13 10:37:01] bar relaunched (launchd)
[2026-08-13 11:14:33] periodic probe: bar unresponsive
[2026-08-13 11:14:38] kill -9 due to: sustained unresponsiveness (periodic)
[2026-08-13 11:14:40] bar relaunched (launchd)
[2026-08-13 15:04:48] wake notification
[2026-08-13 15:04:51] bar not responsive on attempt 1/4
[2026-08-13 15:04:53] periodic probe: bar unresponsive
[2026-08-13 15:04:54] bar not responsive on attempt 2/4
[2026-08-13 15:04:57] bar not responsive on attempt 3/4
[2026-08-13 15:04:58] kill -9 due to: sustained unresponsiveness (periodic)
[2026-08-13 15:05:00] bar relaunched (launchd)
[2026-08-13 15:05:00] bar not responsive on attempt 4/4
[2026-08-13 15:05:02] bar never responded in 4 attempts -> kill
[2026-08-13 15:05:02] kill -9 due to: wake, bar never responded
[2026-08-13 15:05:11] bar relaunched (launchd)
[2026-08-13 16:05:14] wake notification
[2026-08-13 16:05:17] bar not responsive on attempt 1/4
[2026-08-13 16:05:20] bar not responsive on attempt 2/4
[2026-08-13 16:05:23] periodic probe: bar unresponsive
[2026-08-13 16:05:23] bar not responsive on attempt 3/4
[2026-08-13 16:05:26] bar not responsive on attempt 4/4
[2026-08-13 16:05:28] bar never responded in 4 attempts -> kill
[2026-08-13 16:05:28] kill -9 due to: wake, bar never responded
[2026-08-13 16:05:31] bar relaunched (launchd)
[2026-08-13 16:55:41] wake notification
[2026-08-13 16:55:43] periodic probe: bar unresponsive
[2026-08-13 16:55:44] bar not responsive on attempt 1/4
[2026-08-13 16:55:47] bar not responsive on attempt 2/4
[2026-08-13 16:55:48] kill -9 due to: sustained unresponsiveness (periodic)
[2026-08-13 16:55:50] bar relaunched (launchd)
[2026-08-13 16:55:50] bar not responsive on attempt 3/4
[2026-08-13 16:55:54] bar not responsive on attempt 4/4
[2026-08-13 16:55:56] bar never responded in 4 attempts -> kill
[2026-08-13 16:55:56] kill -9 due to: wake, bar never responded
[2026-08-13 16:56:02] bar relaunched (launchd)
[2026-08-13 17:52:12] wake notification
[2026-08-13 17:52:15] bar not responsive on attempt 1/4
[2026-08-13 17:52:18] bar not responsive on attempt 2/4
[2026-08-13 17:52:21] bar not responsive on attempt 3/4
[2026-08-13 17:52:23] periodic probe: bar unresponsive
[2026-08-13 17:52:24] bar not responsive on attempt 4/4
[2026-08-13 17:52:26] bar never responded in 4 attempts -> kill
[2026-08-13 17:52:26] kill -9 due to: wake, bar never responded
[2026-08-13 17:52:28] kill -9 due to: sustained unresponsiveness (periodic)
[2026-08-13 17:52:28] bar relaunched (launchd)
[2026-08-13 17:52:40] bar relaunched (launchd)
[2026-08-14 09:28:06] wake notification
[2026-08-14 09:28:09] bar not responsive on attempt 1/4
[2026-08-14 09:28:12] bar not responsive on attempt 2/4
[2026-08-14 09:28:13] periodic probe: bar unresponsive
[2026-08-14 09:28:15] bar not responsive on attempt 3/4
[2026-08-14 09:28:18] kill -9 due to: sustained unresponsiveness (periodic)
[2026-08-14 09:28:18] bar not responsive on attempt 4/4
[2026-08-14 09:28:20] bar relaunched (launchd)
[2026-08-14 09:28:20] bar never responded in 4 attempts -> kill
[2026-08-14 09:28:20] kill -9 due to: wake, bar never responded
[2026-08-14 09:28:31] bar relaunched (launchd)
[2026-08-14 11:16:15] wake notification
[2026-08-14 11:16:18] bar not responsive on attempt 1/4
[2026-08-14 11:16:21] bar not responsive on attempt 2/4
[2026-08-14 11:16:23] periodic probe: bar unresponsive
[2026-08-14 11:16:24] bar not responsive on attempt 3/4
[2026-08-14 11:16:27] bar not responsive on attempt 4/4
[2026-08-14 11:16:28] kill -9 due to: sustained unresponsiveness (periodic)
[2026-08-14 11:16:29] bar never responded in 4 attempts -> kill
[2026-08-14 11:16:29] kill -9 due to: wake, bar never responded
[2026-08-14 11:16:41] bar relaunched (launchd)
[2026-08-14 11:16:42] bar relaunched (launchd)
[2026-08-14 15:04:36] wake notification
[2026-08-14 15:04:39] bar not responsive on attempt 1/4
[2026-08-14 15:04:42] bar not responsive on attempt 2/4
[2026-08-14 15:04:43] periodic probe: bar unresponsive
[2026-08-14 15:04:45] bar not responsive on attempt 3/4
[2026-08-14 15:04:48] kill -9 due to: sustained unresponsiveness (periodic)
[2026-08-14 15:04:49] bar not responsive on attempt 4/4
[2026-08-14 15:04:51] bar never responded in 4 attempts -> kill
[2026-08-14 15:04:51] kill -9 due to: wake, bar never responded
[2026-08-14 15:05:00] bar relaunched via launchctl kickstart
[2026-08-14 15:05:01] bar relaunched (launchd)
[2026-08-14 17:41:59] wake notification
[2026-08-14 17:42:02] bar not responsive on attempt 1/4
[2026-08-14 17:42:03] periodic probe: bar unresponsive
[2026-08-14 17:42:05] bar not responsive on attempt 2/4
[2026-08-14 17:42:08] kill -9 due to: sustained unresponsiveness (periodic)
[2026-08-14 17:42:08] bar not responsive on attempt 3/4
[2026-08-14 17:42:11] bar responsive on attempt 4 -> reload
[2026-08-14 17:42:11] reload due to: wake, bar responsive
[2026-08-14 17:42:12] bar relaunched (launchd)
[2026-08-14 17:42:16] bar healthy after reload
[2026-08-14 17:43:03] periodic probe: bar unresponsive
[2026-08-14 17:43:08] kill -9 due to: sustained unresponsiveness (periodic)
[2026-08-14 17:43:10] bar relaunched (launchd)
[2026-08-15 10:07:20] wake notification
[2026-08-15 10:07:23] periodic probe: bar unresponsive
[2026-08-15 10:07:24] bar not responsive on attempt 1/4
[2026-08-15 10:07:27] bar not responsive on attempt 2/4
[2026-08-15 10:07:28] kill -9 due to: sustained unresponsiveness (periodic)
[2026-08-15 10:07:30] bar not responsive on attempt 3/4
[2026-08-15 10:07:32] bar relaunched (launchd)
[2026-08-15 10:07:33] bar not responsive on attempt 4/4
[2026-08-15 10:07:35] bar never responded in 4 attempts -> kill
[2026-08-15 10:07:35] kill -9 due to: wake, bar never responded
[2026-08-15 10:07:41] bar relaunched (launchd)
[2026-08-15 10:53:18] wake notification
[2026-08-15 10:53:21] bar not responsive on attempt 1/4
[2026-08-15 10:53:23] periodic probe: bar unresponsive
[2026-08-15 10:53:24] bar not responsive on attempt 2/4
[2026-08-15 10:53:27] bar not responsive on attempt 3/4
[2026-08-15 10:53:28] kill -9 due to: sustained unresponsiveness (periodic)
[2026-08-15 10:53:30] bar not responsive on attempt 4/4
[2026-08-15 10:53:30] bar relaunched (launchd)
[2026-08-15 10:53:32] bar never responded in 4 attempts -> kill
[2026-08-15 10:53:32] kill -9 due to: wake, bar never responded
[2026-08-15 10:53:40] bar relaunched (launchd)
[2026-08-15 19:25:11] wake notification
[2026-08-15 19:25:13] periodic probe: bar unresponsive
[2026-08-15 19:25:15] bar not responsive on attempt 1/4
[2026-08-15 19:25:18] bar not responsive on attempt 2/4
[2026-08-15 19:25:18] kill -9 due to: sustained unresponsiveness (periodic)
[2026-08-15 19:25:20] bar relaunched (launchd)
[2026-08-15 19:25:21] bar responsive on attempt 3 -> reload
[2026-08-15 19:25:21] reload due to: wake, bar responsive
[2026-08-15 19:25:26] bar healthy after reload
[2026-08-16 11:45:57] wake notification
[2026-08-16 11:46:00] bar not responsive on attempt 1/4
[2026-08-16 11:46:03] periodic probe: bar unresponsive
[2026-08-16 11:46:04] bar not responsive on attempt 2/4
[2026-08-16 11:46:07] bar not responsive on attempt 3/4
[2026-08-16 11:46:08] kill -9 due to: sustained unresponsiveness (periodic)
[2026-08-16 11:46:10] bar relaunched (launchd)
[2026-08-16 11:46:10] bar not responsive on attempt 4/4
[2026-08-16 11:46:12] bar never responded in 4 attempts -> kill
[2026-08-16 11:46:12] kill -9 due to: wake, bar never responded
[2026-08-16 11:46:20] bar relaunched (launchd)
[2026-08-16 16:51:47] wake notification
[2026-08-16 16:51:50] bar not responsive on attempt 1/4
[2026-08-16 16:51:53] periodic probe: bar unresponsive
[2026-08-16 16:51:54] bar not responsive on attempt 2/4
[2026-08-16 16:51:57] bar not responsive on attempt 3/4
[2026-08-16 16:51:58] kill -9 due to: sustained unresponsiveness (periodic)
[2026-08-16 16:52:00] bar not responsive on attempt 4/4
[2026-08-16 16:52:02] bar never responded in 4 attempts -> kill
[2026-08-16 16:52:02] kill -9 due to: wake, bar never responded
[2026-08-16 16:52:02] bar relaunched (launchd)
[2026-08-16 16:52:10] bar relaunched (launchd)
[2026-08-17 09:06:54] wake notification
[2026-08-17 09:06:57] bar not responsive on attempt 1/4
[2026-08-17 09:07:00] bar not responsive on attempt 2/4
[2026-08-17 09:07:03] periodic probe: bar unresponsive
[2026-08-17 09:07:03] bar not responsive on attempt 3/4
[2026-08-17 09:07:06] bar not responsive on attempt 4/4
[2026-08-17 09:07:08] kill -9 due to: sustained unresponsiveness (periodic)
[2026-08-17 09:07:08] bar never responded in 4 attempts -> kill
[2026-08-17 09:07:08] kill -9 due to: wake, bar never responded
[2026-08-17 09:07:21] bar relaunched (launchd)
[2026-08-17 09:07:21] bar relaunched (launchd)
[2026-08-17 13:48:36] wake notification
[2026-08-17 13:48:39] bar not responsive on attempt 1/4
[2026-08-17 13:48:43] bar not responsive on attempt 2/4
[2026-08-17 13:48:43] periodic probe: bar unresponsive
[2026-08-17 13:48:46] bar not responsive on attempt 3/4
[2026-08-17 13:48:48] kill -9 due to: sustained unresponsiveness (periodic)
[2026-08-17 13:48:49] bar not responsive on attempt 4/4
[2026-08-17 13:48:51] bar never responded in 4 attempts -> kill
[2026-08-17 13:48:51] kill -9 due to: wake, bar never responded
[2026-08-17 13:49:01] bar relaunched via launchctl kickstart
[2026-08-17 13:49:01] bar relaunched (launchd)
[2026-08-17 16:23:33] periodic probe: bar unresponsive
[2026-08-17 17:32:42] wake notification
[2026-08-17 17:32:45] bar not responsive on attempt 1/4
[2026-08-17 17:32:49] bar not responsive on attempt 2/4
[2026-08-17 17:32:52] bar not responsive on attempt 3/4
[2026-08-17 17:32:53] periodic probe: bar unresponsive
[2026-08-17 17:32:55] bar not responsive on attempt 4/4
[2026-08-17 17:32:57] bar never responded in 4 attempts -> kill
[2026-08-17 17:32:57] kill -9 due to: wake, bar never responded
[2026-08-17 17:32:58] kill -9 due to: sustained unresponsiveness (periodic)
[2026-08-17 17:33:09] bar relaunched (launchd)
[2026-08-17 17:33:11] bar relaunched (launchd)
[2026-08-17 19:36:43] periodic probe: bar unresponsive
[2026-08-17 19:36:48] kill -9 due to: sustained unresponsiveness (periodic)
[2026-08-17 19:37:04] bar relaunched via launchctl kickstart
[2026-08-17 19:46:07] wake_watch started pid=1455
[2026-08-18 09:34:33] wake notification
[2026-08-18 09:34:37] bar not responsive on attempt 1/4
[2026-08-18 09:34:40] bar responsive on attempt 2 -> reload
[2026-08-18 09:34:40] reload due to: wake, bar responsive
[2026-08-18 09:34:44] bar healthy after reload
[2026-08-18 09:35:20] periodic probe: bar unresponsive
[2026-08-18 09:35:30] periodic probe: bar unresponsive
[2026-08-18 16:28:14] wake notification
[2026-08-18 16:28:17] bar not responsive on attempt 1/4
[2026-08-18 16:28:20] periodic probe: bar unresponsive
[2026-08-18 16:28:20] bar not responsive on attempt 2/4
[2026-08-18 16:28:24] bar not responsive on attempt 3/4
[2026-08-18 16:28:25] kill -9 due to: sustained unresponsiveness (periodic)
[2026-08-18 16:28:27] bar responsive on attempt 4 -> reload
[2026-08-18 16:28:27] reload due to: wake, bar responsive
[2026-08-18 16:28:29] bar relaunched (launchd)
[2026-08-18 16:28:31] bar healthy after reload
[2026-08-18 20:01:35] wake notification
[2026-08-18 20:01:38] bar not responsive on attempt 1/4
[2026-08-18 20:01:40] periodic probe: bar unresponsive
[2026-08-18 20:01:41] bar not responsive on attempt 2/4
[2026-08-18 20:01:44] bar not responsive on attempt 3/4
[2026-08-18 20:01:45] kill -9 due to: sustained unresponsiveness (periodic)
[2026-08-18 20:01:48] bar responsive on attempt 4 -> reload
[2026-08-18 20:01:48] reload due to: wake, bar responsive
[2026-08-18 20:01:49] bar relaunched (launchd)
[2026-08-18 20:01:52] bar healthy after reload
[2026-08-18 21:46:12] wake notification
[2026-08-18 21:46:15] bar not responsive on attempt 1/4
[2026-08-18 21:46:18] bar not responsive on attempt 2/4
[2026-08-18 21:46:20] periodic probe: bar unresponsive
[2026-08-18 21:46:21] bar not responsive on attempt 3/4
[2026-08-18 21:46:24] bar not responsive on attempt 4/4
[2026-08-18 21:46:25] kill -9 due to: sustained unresponsiveness (periodic)
[2026-08-18 21:46:26] bar never responded in 4 attempts -> kill
[2026-08-18 21:46:26] kill -9 due to: wake, bar never responded
[2026-08-18 21:46:27] bar relaunched (launchd)
[2026-08-18 21:46:39] bar relaunched (launchd)
[2026-08-19 08:29:42] wake notification
[2026-08-19 08:29:45] bar not responsive on attempt 1/4
[2026-08-19 08:29:48] bar not responsive on attempt 2/4
[2026-08-19 08:29:50] periodic probe: bar unresponsive
[2026-08-19 08:29:51] bar not responsive on attempt 3/4
[2026-08-19 08:29:54] bar not responsive on attempt 4/4
[2026-08-19 08:29:55] kill -9 due to: sustained unresponsiveness (periodic)
[2026-08-19 08:29:56] bar never responded in 4 attempts -> kill
[2026-08-19 08:29:56] kill -9 due to: wake, bar never responded
[2026-08-19 08:30:08] bar relaunched (launchd)
[2026-08-19 08:30:09] bar relaunched (launchd)
[2026-08-19 08:58:30] periodic probe: bar unresponsive
[2026-08-19 11:29:10] wake notification
[2026-08-19 11:29:13] bar not responsive on attempt 1/4
[2026-08-19 11:29:16] bar not responsive on attempt 2/4
[2026-08-19 11:29:19] bar not responsive on attempt 3/4
[2026-08-19 11:29:20] periodic probe: bar unresponsive
[2026-08-19 11:29:22] bar not responsive on attempt 4/4
[2026-08-19 11:29:24] bar never responded in 4 attempts -> kill
[2026-08-19 11:29:24] kill -9 due to: wake, bar never responded
[2026-08-19 11:29:25] kill -9 due to: sustained unresponsiveness (periodic)
[2026-08-19 11:29:37] bar relaunched via launchctl kickstart
[2026-08-19 11:29:38] bar relaunched (launchd)
[2026-08-19 14:37:42] wake notification
[2026-08-19 14:37:45] bar not responsive on attempt 1/4
[2026-08-19 14:37:49] bar not responsive on attempt 2/4
[2026-08-19 14:37:50] periodic probe: bar unresponsive
[2026-08-19 14:37:52] bar not responsive on attempt 3/4
[2026-08-19 14:37:55] bar not responsive on attempt 4/4
[2026-08-19 14:37:55] kill -9 due to: sustained unresponsiveness (periodic)
[2026-08-19 14:37:57] bar never responded in 4 attempts -> kill
[2026-08-19 14:37:57] kill -9 due to: wake, bar never responded
[2026-08-19 14:38:09] bar relaunched (launchd)
[2026-08-19 14:38:09] bar relaunched (launchd)
[2026-08-19 16:33:50] periodic probe: bar unresponsive
[2026-08-19 16:33:55] kill -9 due to: sustained unresponsiveness (periodic)
[2026-08-19 16:33:57] bar relaunched (launchd)
[2026-08-19 17:17:00] periodic probe: bar unresponsive
[2026-08-19 18:04:13] wake notification
[2026-08-19 18:04:16] bar not responsive on attempt 1/4
[2026-08-19 18:04:19] bar not responsive on attempt 2/4
[2026-08-19 18:04:20] periodic probe: bar unresponsive
[2026-08-19 18:04:22] bar not responsive on attempt 3/4
[2026-08-19 18:04:25] kill -9 due to: sustained unresponsiveness (periodic)
[2026-08-19 18:04:25] bar not responsive on attempt 4/4
[2026-08-19 18:04:27] bar relaunched (launchd)
[2026-08-19 18:04:27] bar never responded in 4 attempts -> kill
[2026-08-19 18:04:27] kill -9 due to: wake, bar never responded
[2026-08-19 18:04:38] bar relaunched (launchd)
[2026-08-19 18:58:24] wake notification
[2026-08-19 18:58:27] bar not responsive on attempt 1/4
[2026-08-19 18:58:30] periodic probe: bar unresponsive
[2026-08-19 18:58:30] bar not responsive on attempt 2/4
[2026-08-19 18:58:33] bar not responsive on attempt 3/4
[2026-08-19 18:58:35] kill -9 due to: sustained unresponsiveness (periodic)
[2026-08-19 18:58:37] bar not responsive on attempt 4/4
[2026-08-19 18:58:37] bar relaunched (launchd)
[2026-08-19 18:58:39] bar never responded in 4 attempts -> kill
[2026-08-19 18:58:39] kill -9 due to: wake, bar never responded
[2026-08-19 18:58:49] bar relaunched (launchd)
[2026-08-19 22:00:47] wake notification
[2026-08-19 22:00:50] bar not responsive on attempt 1/4
[2026-08-19 22:00:50] periodic probe: bar unresponsive
[2026-08-19 22:00:53] bar not responsive on attempt 2/4
[2026-08-19 22:00:55] kill -9 due to: sustained unresponsiveness (periodic)
[2026-08-19 22:00:56] bar not responsive on attempt 3/4
[2026-08-19 22:00:59] bar responsive on attempt 4 -> reload
[2026-08-19 22:00:59] reload due to: wake, bar responsive
[2026-08-19 22:00:59] bar relaunched (launchd)
[2026-08-19 22:01:03] bar healthy after reload
[2026-08-20 09:19:57] wake notification
[2026-08-20 09:20:00] periodic probe: bar unresponsive
[2026-08-20 09:20:00] bar not responsive on attempt 1/4
[2026-08-20 09:20:03] bar not responsive on attempt 2/4
[2026-08-20 09:20:05] kill -9 due to: sustained unresponsiveness (periodic)
[2026-08-20 09:20:07] bar not responsive on attempt 3/4
[2026-08-20 09:20:09] bar relaunched (launchd)
[2026-08-20 09:20:10] bar not responsive on attempt 4/4
[2026-08-20 09:20:12] bar never responded in 4 attempts -> kill
[2026-08-20 09:20:12] kill -9 due to: wake, bar never responded
[2026-08-20 09:20:18] bar relaunched (launchd)
[2026-08-20 11:22:10] wake notification
[2026-08-20 11:22:14] bar not responsive on attempt 1/4
[2026-08-20 11:22:17] bar not responsive on attempt 2/4
[2026-08-20 11:22:20] bar not responsive on attempt 3/4
[2026-08-20 11:22:20] periodic probe: bar unresponsive
[2026-08-20 11:22:23] bar not responsive on attempt 4/4
[2026-08-20 11:22:25] bar never responded in 4 attempts -> kill
[2026-08-20 11:22:25] kill -9 due to: wake, bar never responded
[2026-08-20 11:22:25] kill -9 due to: sustained unresponsiveness (periodic)
[2026-08-20 11:22:27] bar relaunched (launchd)
[2026-08-20 11:22:29] bar relaunched (launchd)
[2026-08-20 11:24:45] wake notification
[2026-08-20 11:24:49] bar not responsive on attempt 1/4
[2026-08-20 11:24:50] periodic probe: bar unresponsive
[2026-08-20 11:24:52] bar not responsive on attempt 2/4
[2026-08-20 11:24:55] bar not responsive on attempt 3/4
[2026-08-20 11:24:55] kill -9 due to: sustained unresponsiveness (periodic)
[2026-08-20 11:24:57] bar relaunched (launchd)
[2026-08-20 11:24:58] bar not responsive on attempt 4/4
[2026-08-20 11:25:00] bar never responded in 4 attempts -> kill
[2026-08-20 11:25:00] kill -9 due to: wake, bar never responded
[2026-08-20 11:25:08] bar relaunched (launchd)
[2026-08-20 17:35:30] wake notification
[2026-08-20 17:35:34] bar not responsive on attempt 1/4
[2026-08-20 17:35:37] bar not responsive on attempt 2/4
[2026-08-20 17:35:40] bar not responsive on attempt 3/4
[2026-08-20 17:35:40] periodic probe: bar unresponsive
[2026-08-20 17:35:43] bar not responsive on attempt 4/4
[2026-08-20 17:35:45] bar never responded in 4 attempts -> kill
[2026-08-20 17:35:45] kill -9 due to: wake, bar never responded
[2026-08-20 17:35:45] kill -9 due to: sustained unresponsiveness (periodic)
[2026-08-20 17:35:57] bar relaunched via launchctl kickstart
[2026-08-20 17:35:58] bar relaunched (launchd)
[2026-08-21 10:36:01] wake notification
[2026-08-21 10:36:04] bar not responsive on attempt 1/4
[2026-08-21 10:36:07] bar not responsive on attempt 2/4
[2026-08-21 10:36:10] periodic probe: bar unresponsive
[2026-08-21 10:36:10] bar not responsive on attempt 3/4
[2026-08-21 10:36:13] bar not responsive on attempt 4/4
[2026-08-21 10:36:15] kill -9 due to: sustained unresponsiveness (periodic)
[2026-08-21 10:36:15] bar never responded in 4 attempts -> kill
[2026-08-21 10:36:15] kill -9 due to: wake, bar never responded
[2026-08-21 10:36:28] bar relaunched via launchctl kickstart
[2026-08-21 10:36:28] bar relaunched (launchd)
[2026-08-21 15:09:41] wake notification
[2026-08-21 15:09:44] bar not responsive on attempt 1/4
[2026-08-21 15:09:47] bar not responsive on attempt 2/4
[2026-08-21 15:09:50] periodic probe: bar unresponsive
[2026-08-21 15:09:51] bar not responsive on attempt 3/4
[2026-08-21 15:09:54] bar not responsive on attempt 4/4
[2026-08-21 15:09:55] kill -9 due to: sustained unresponsiveness (periodic)
[2026-08-21 15:09:56] bar never responded in 4 attempts -> kill
[2026-08-21 15:09:56] kill -9 due to: wake, bar never responded
[2026-08-21 15:10:08] bar relaunched via launchctl kickstart
[2026-08-21 15:10:08] bar relaunched (launchd)
[2026-08-21 15:41:20] periodic probe: bar unresponsive
[2026-08-21 16:21:40] periodic probe: bar unresponsive
[2026-08-21 17:37:54] wake notification
[2026-08-21 17:37:57] bar not responsive on attempt 1/4
[2026-08-21 17:38:00] periodic probe: bar unresponsive
[2026-08-21 17:38:01] bar not responsive on attempt 2/4
[2026-08-21 17:38:04] bar not responsive on attempt 3/4
[2026-08-21 17:38:05] kill -9 due to: sustained unresponsiveness (periodic)
[2026-08-21 17:38:07] bar not responsive on attempt 4/4
[2026-08-21 17:38:09] bar never responded in 4 attempts -> kill
[2026-08-21 17:38:09] kill -9 due to: wake, bar never responded
[2026-08-21 17:38:09] bar relaunched (launchd)
[2026-08-21 17:38:19] bar relaunched (launchd)
[2026-08-22 10:35:15] wake notification
[2026-08-22 10:35:18] bar not responsive on attempt 1/4
[2026-08-22 10:35:20] periodic probe: bar unresponsive
[2026-08-22 10:35:21] bar not responsive on attempt 2/4
[2026-08-22 10:35:24] bar not responsive on attempt 3/4
[2026-08-22 10:35:25] kill -9 due to: sustained unresponsiveness (periodic)
[2026-08-22 10:35:27] bar not responsive on attempt 4/4
[2026-08-22 10:35:29] bar never responded in 4 attempts -> kill
[2026-08-22 10:35:29] kill -9 due to: wake, bar never responded
[2026-08-22 10:35:29] bar relaunched (launchd)
[2026-08-22 10:35:37] bar relaunched (launchd)
[2026-08-22 11:07:20] periodic probe: bar unresponsive
[2026-08-22 11:07:25] kill -9 due to: sustained unresponsiveness (periodic)
[2026-08-22 11:07:27] bar relaunched (launchd)
[2026-08-22 11:41:05] wake notification
[2026-08-22 11:41:08] bar not responsive on attempt 1/4
[2026-08-22 11:41:10] periodic probe: bar unresponsive
[2026-08-22 11:41:11] bar not responsive on attempt 2/4
[2026-08-22 11:41:14] bar not responsive on attempt 3/4
[2026-08-22 11:41:15] kill -9 due to: sustained unresponsiveness (periodic)
[2026-08-22 11:41:17] bar not responsive on attempt 4/4
[2026-08-22 11:41:19] bar never responded in 4 attempts -> kill
[2026-08-22 11:41:19] kill -9 due to: wake, bar never responded
[2026-08-22 11:41:19] bar relaunched (launchd)
[2026-08-22 11:41:28] bar relaunched (launchd)
[2026-08-23 10:14:54] wake notification
[2026-08-23 10:14:57] bar not responsive on attempt 1/4
[2026-08-23 10:15:00] periodic probe: bar unresponsive
[2026-08-23 10:15:00] bar not responsive on attempt 2/4
[2026-08-23 10:15:03] bar not responsive on attempt 3/4
[2026-08-23 10:15:05] kill -9 due to: sustained unresponsiveness (periodic)
[2026-08-23 10:15:06] bar not responsive on attempt 4/4
[2026-08-23 10:15:08] bar never responded in 4 attempts -> kill
[2026-08-23 10:15:08] kill -9 due to: wake, bar never responded
[2026-08-23 10:15:09] bar relaunched (launchd)
[2026-08-23 10:15:19] bar relaunched (launchd)
[2026-08-23 15:31:58] wake notification
[2026-08-23 15:32:00] periodic probe: bar unresponsive
[2026-08-23 15:32:01] bar not responsive on attempt 1/4
[2026-08-23 15:32:04] bar not responsive on attempt 2/4
[2026-08-23 15:32:05] kill -9 due to: sustained unresponsiveness (periodic)
[2026-08-23 15:32:07] bar responsive on attempt 3 -> reload
[2026-08-23 15:32:07] reload due to: wake, bar responsive
[2026-08-23 15:32:09] bar relaunched (launchd)
[2026-08-23 15:32:12] bar wedged again right after reload -> kill
[2026-08-23 15:32:12] kill -9 due to: post-reload unresponsive
[2026-08-23 15:32:18] bar relaunched (launchd)
[2026-08-23 17:07:44] wake notification
[2026-08-23 17:07:47] bar not responsive on attempt 1/4
[2026-08-23 17:07:50] periodic probe: bar unresponsive
[2026-08-23 17:07:50] bar not responsive on attempt 2/4
[2026-08-23 17:07:53] bar not responsive on attempt 3/4
[2026-08-23 17:07:55] kill -9 due to: sustained unresponsiveness (periodic)
[2026-08-23 17:07:56] bar not responsive on attempt 4/4
[2026-08-23 17:07:58] bar never responded in 4 attempts -> kill
[2026-08-23 17:07:58] kill -9 due to: wake, bar never responded
[2026-08-23 17:08:07] bar relaunched via launchctl kickstart
[2026-08-23 17:08:09] bar relaunched (launchd)
[2026-08-23 18:41:45] wake notification
[2026-08-23 18:41:48] bar not responsive on attempt 1/4
[2026-08-23 18:41:50] periodic probe: bar unresponsive
[2026-08-23 18:41:52] bar not responsive on attempt 2/4
[2026-08-23 18:41:55] bar not responsive on attempt 3/4
[2026-08-23 18:41:55] kill -9 due to: sustained unresponsiveness (periodic)
[2026-08-23 18:41:57] bar relaunched (launchd)
[2026-08-23 18:41:58] bar not responsive on attempt 4/4
[2026-08-23 18:42:00] bar never responded in 4 attempts -> kill
[2026-08-23 18:42:00] kill -9 due to: wake, bar never responded
[2026-08-23 18:42:08] bar relaunched (launchd)
[2026-08-24 09:28:13] wake notification
[2026-08-24 09:28:16] bar not responsive on attempt 1/4
[2026-08-24 09:28:19] bar not responsive on attempt 2/4
[2026-08-24 09:28:20] periodic probe: bar unresponsive
[2026-08-24 09:28:22] bar not responsive on attempt 3/4
[2026-08-24 09:28:25] kill -9 due to: sustained unresponsiveness (periodic)
[2026-08-24 09:28:25] bar not responsive on attempt 4/4
[2026-08-24 09:28:27] bar never responded in 4 attempts -> kill
[2026-08-24 09:28:27] kill -9 due to: wake, bar never responded
[2026-08-24 09:28:37] bar relaunched via launchctl kickstart
[2026-08-24 09:28:38] bar relaunched (launchd)
[2026-08-24 16:11:04] wake notification
[2026-08-24 16:11:07] bar not responsive on attempt 1/4
[2026-08-24 16:11:10] periodic probe: bar unresponsive
[2026-08-24 16:11:10] bar not responsive on attempt 2/4
[2026-08-24 16:11:13] bar not responsive on attempt 3/4
[2026-08-24 16:11:15] kill -9 due to: sustained unresponsiveness (periodic)
[2026-08-24 16:11:16] bar not responsive on attempt 4/4
[2026-08-24 16:11:18] bar never responded in 4 attempts -> kill
[2026-08-24 16:11:18] kill -9 due to: wake, bar never responded
[2026-08-24 16:11:19] bar relaunched (launchd)
[2026-08-24 16:11:29] bar relaunched (launchd)
[2026-08-24 17:28:13] wake notification
[2026-08-24 17:28:16] bar not responsive on attempt 1/4
[2026-08-24 17:28:19] bar not responsive on attempt 2/4
[2026-08-24 17:28:20] periodic probe: bar unresponsive
[2026-08-24 17:28:22] bar not responsive on attempt 3/4
[2026-08-24 17:28:25] kill -9 due to: sustained unresponsiveness (periodic)
[2026-08-24 17:28:25] bar not responsive on attempt 4/4
[2026-08-24 17:28:27] bar relaunched (launchd)
[2026-08-24 17:28:27] bar never responded in 4 attempts -> kill
[2026-08-24 17:28:27] kill -9 due to: wake, bar never responded
[2026-08-24 17:28:38] bar relaunched (launchd)
[2026-08-24 17:33:20] periodic probe: bar unresponsive
[2026-08-24 17:33:25] kill -9 due to: sustained unresponsiveness (periodic)
[2026-08-24 17:33:40] bar relaunched via launchctl kickstart
[2026-08-24 17:34:09] periodic probe: bar unresponsive
[2026-08-24 17:40:30] wake_watch started pid=1410
[2026-08-24 17:58:20] wake notification
[2026-08-24 17:58:23] periodic probe: bar unresponsive
[2026-08-24 17:58:23] bar not responsive on attempt 1/4
[2026-08-24 17:58:26] bar not responsive on attempt 2/4
[2026-08-24 17:58:28] kill -9 due to: sustained unresponsiveness (periodic)
[2026-08-24 17:58:29] bar responsive on attempt 3 -> reload
[2026-08-24 17:58:29] reload due to: wake, bar responsive
[2026-08-24 17:58:32] bar relaunched (launchd)
[2026-08-24 17:58:34] bar wedged again right after reload -> kill
[2026-08-24 17:58:34] kill -9 due to: post-reload unresponsive
[2026-08-24 17:58:42] bar relaunched (launchd)
[2026-08-24 19:13:09] wake notification
[2026-08-24 19:13:12] bar not responsive on attempt 1/4
[2026-08-24 19:13:13] periodic probe: bar unresponsive
[2026-08-24 19:13:16] bar not responsive on attempt 2/4
[2026-08-24 19:13:18] kill -9 due to: sustained unresponsiveness (periodic)
[2026-08-24 19:13:19] bar not responsive on attempt 3/4
[2026-08-24 19:13:22] bar responsive on attempt 4 -> reload
[2026-08-24 19:13:22] reload due to: wake, bar responsive
[2026-08-24 19:13:22] bar relaunched (launchd)
[2026-08-24 19:13:26] bar healthy after reload
[2026-08-25 10:02:47] wake notification
[2026-08-25 10:02:51] bar not responsive on attempt 1/4
[2026-08-25 10:02:53] periodic probe: bar unresponsive
[2026-08-25 10:02:54] bar not responsive on attempt 2/4
[2026-08-25 10:02:57] bar not responsive on attempt 3/4
[2026-08-25 10:02:58] kill -9 due to: sustained unresponsiveness (periodic)
[2026-08-25 10:03:00] bar responsive on attempt 4 -> reload
[2026-08-25 10:03:00] reload due to: wake, bar responsive
[2026-08-25 10:03:02] bar relaunched (launchd)
[2026-08-25 10:03:04] bar wedged again right after reload -> kill
[2026-08-25 10:03:04] kill -9 due to: post-reload unresponsive
[2026-08-25 10:03:10] bar relaunched (launchd)
[2026-08-25 11:21:59] wake notification
[2026-08-25 11:22:03] bar not responsive on attempt 1/4
[2026-08-25 11:22:03] periodic probe: bar unresponsive
[2026-08-25 11:22:06] bar not responsive on attempt 2/4
[2026-08-25 11:22:08] kill -9 due to: sustained unresponsiveness (periodic)
[2026-08-25 11:22:09] bar not responsive on attempt 3/4
[2026-08-25 11:22:12] bar responsive on attempt 4 -> reload
[2026-08-25 11:22:12] reload due to: wake, bar responsive
[2026-08-25 11:22:12] bar relaunched (launchd)
[2026-08-25 11:22:16] bar healthy after reload
[2026-08-25 14:36:23] wake notification
[2026-08-25 14:36:26] bar not responsive on attempt 1/4
[2026-08-25 14:36:29] bar not responsive on attempt 2/4
[2026-08-25 14:36:32] bar not responsive on attempt 3/4
[2026-08-25 14:36:33] periodic probe: bar unresponsive
[2026-08-25 14:36:35] bar not responsive on attempt 4/4
[2026-08-25 14:36:37] bar never responded in 4 attempts -> kill
[2026-08-25 14:36:37] kill -9 due to: wake, bar never responded
[2026-08-25 14:36:38] kill -9 due to: sustained unresponsiveness (periodic)
[2026-08-25 14:36:50] bar relaunched via launchctl kickstart
[2026-08-25 14:36:50] bar relaunched (launchd)
[2026-08-25 16:21:00] wake notification
[2026-08-25 16:21:03] periodic probe: bar unresponsive
[2026-08-25 16:21:03] bar not responsive on attempt 1/4
[2026-08-25 16:21:06] bar not responsive on attempt 2/4
[2026-08-25 16:21:08] kill -9 due to: sustained unresponsiveness (periodic)
[2026-08-25 16:21:09] bar not responsive on attempt 3/4
[2026-08-25 16:21:12] bar relaunched (launchd)
[2026-08-25 16:21:12] bar not responsive on attempt 4/4
[2026-08-25 16:21:14] bar never responded in 4 attempts -> kill
[2026-08-25 16:21:14] kill -9 due to: wake, bar never responded
[2026-08-25 16:21:21] bar relaunched (launchd)
[2026-08-25 17:33:40] wake notification
[2026-08-25 17:33:43] periodic probe: bar unresponsive
[2026-08-25 17:33:43] bar not responsive on attempt 1/4
[2026-08-25 17:33:46] bar not responsive on attempt 2/4
[2026-08-25 17:33:48] kill -9 due to: sustained unresponsiveness (periodic)
[2026-08-25 17:33:49] bar not responsive on attempt 3/4
[2026-08-25 17:33:52] bar relaunched (launchd)
[2026-08-25 17:33:53] bar responsive on attempt 4 -> reload
[2026-08-25 17:33:53] reload due to: wake, bar responsive
[2026-08-25 17:33:57] bar healthy after reload
[2026-08-25 18:29:10] wake notification
[2026-08-25 18:29:13] periodic probe: bar unresponsive
[2026-08-25 18:29:14] bar not responsive on attempt 1/4
[2026-08-25 18:29:17] bar not responsive on attempt 2/4
[2026-08-25 18:29:18] kill -9 due to: sustained unresponsiveness (periodic)
[2026-08-25 18:29:20] bar relaunched (launchd)
[2026-08-25 18:29:20] bar not responsive on attempt 3/4
[2026-08-25 18:29:23] bar not responsive on attempt 4/4
[2026-08-25 18:29:25] bar never responded in 4 attempts -> kill
[2026-08-25 18:29:25] kill -9 due to: wake, bar never responded
[2026-08-25 18:29:31] bar relaunched (launchd)
[2026-08-26 14:42:16] wake notification
[2026-08-26 14:42:19] bar not responsive on attempt 1/4
[2026-08-26 14:42:22] bar not responsive on attempt 2/4
[2026-08-26 14:42:23] periodic probe: bar unresponsive
[2026-08-26 14:42:25] bar not responsive on attempt 3/4
[2026-08-26 14:42:28] kill -9 due to: sustained unresponsiveness (periodic)
[2026-08-26 14:42:28] bar not responsive on attempt 4/4
[2026-08-26 14:42:30] bar relaunched (launchd)
[2026-08-26 14:42:30] bar never responded in 4 attempts -> kill
[2026-08-26 14:42:30] kill -9 due to: wake, bar never responded
[2026-08-26 14:42:41] bar relaunched (launchd)
[2026-08-26 15:35:23] wake notification
[2026-08-26 15:35:26] bar not responsive on attempt 1/4
[2026-08-26 15:35:30] bar not responsive on attempt 2/4
[2026-08-26 15:35:33] periodic probe: bar unresponsive
[2026-08-26 15:35:33] bar not responsive on attempt 3/4
[2026-08-26 15:35:36] bar not responsive on attempt 4/4
[2026-08-26 15:35:38] kill -9 due to: sustained unresponsiveness (periodic)
[2026-08-26 15:35:38] bar never responded in 4 attempts -> kill
[2026-08-26 15:35:38] kill -9 due to: wake, bar never responded
[2026-08-26 15:35:50] bar relaunched (launchd)
[2026-08-26 15:35:50] bar relaunched (launchd)
[2026-08-26 17:00:13] wake notification
[2026-08-26 17:00:16] bar not responsive on attempt 1/4
[2026-08-26 17:00:20] bar not responsive on attempt 2/4
[2026-08-26 17:00:23] periodic probe: bar unresponsive
[2026-08-26 17:00:23] bar not responsive on attempt 3/4
[2026-08-26 17:00:26] bar not responsive on attempt 4/4
[2026-08-26 17:00:28] kill -9 due to: sustained unresponsiveness (periodic)
[2026-08-26 17:00:28] bar never responded in 4 attempts -> kill
[2026-08-26 17:00:28] kill -9 due to: wake, bar never responded
[2026-08-26 17:00:40] bar relaunched via launchctl kickstart
[2026-08-26 17:00:41] bar relaunched (launchd)
[2026-08-27 09:26:50] wake notification
[2026-08-27 09:26:53] periodic probe: bar unresponsive
[2026-08-27 09:26:53] bar not responsive on attempt 1/4
[2026-08-27 09:26:56] bar not responsive on attempt 2/4
[2026-08-27 09:26:58] kill -9 due to: sustained unresponsiveness (periodic)
[2026-08-27 09:27:00] bar not responsive on attempt 3/4
[2026-08-27 09:27:02] bar relaunched (launchd)
[2026-08-27 09:27:03] bar responsive on attempt 4 -> reload
[2026-08-27 09:27:03] reload due to: wake, bar responsive
[2026-08-27 09:27:07] bar healthy after reload
[2026-08-27 09:49:33] periodic probe: bar unresponsive
[2026-08-27 10:16:23] periodic probe: bar unresponsive
[2026-08-27 18:06:29] wake notification
[2026-08-27 18:06:32] bar not responsive on attempt 1/4
[2026-08-27 18:06:33] periodic probe: bar unresponsive
[2026-08-27 18:06:35] bar not responsive on attempt 2/4
[2026-08-27 18:06:38] kill -9 due to: sustained unresponsiveness (periodic)
[2026-08-27 18:06:38] bar not responsive on attempt 3/4
[2026-08-27 18:06:40] bar relaunched (launchd)
[2026-08-27 18:06:41] bar not responsive on attempt 4/4
[2026-08-27 18:06:43] bar never responded in 4 attempts -> kill
[2026-08-27 18:06:43] kill -9 due to: wake, bar never responded
[2026-08-27 18:06:51] bar relaunched (launchd)
[2026-08-27 18:30:53] periodic probe: bar unresponsive
[2026-08-27 21:36:11] wake notification
[2026-08-27 21:36:14] bar not responsive on attempt 1/4
[2026-08-27 21:36:17] bar not responsive on attempt 2/4
[2026-08-27 21:36:20] bar not responsive on attempt 3/4
[2026-08-27 21:36:23] periodic probe: bar unresponsive
[2026-08-27 21:36:24] bar not responsive on attempt 4/4
[2026-08-27 21:36:26] bar never responded in 4 attempts -> kill
[2026-08-27 21:36:26] kill -9 due to: wake, bar never responded
[2026-08-27 21:36:28] kill -9 due to: sustained unresponsiveness (periodic)
[2026-08-27 21:36:38] bar relaunched (launchd)
[2026-08-27 21:36:38] bar relaunched (launchd)
[2026-08-28 10:04:29] wake notification
[2026-08-28 10:04:32] bar not responsive on attempt 1/4
[2026-08-28 10:04:33] periodic probe: bar unresponsive
[2026-08-28 10:04:35] bar not responsive on attempt 2/4
[2026-08-28 10:04:38] kill -9 due to: sustained unresponsiveness (periodic)
[2026-08-28 10:04:38] bar not responsive on attempt 3/4
[2026-08-28 10:04:41] bar responsive on attempt 4 -> reload
[2026-08-28 10:04:41] reload due to: wake, bar responsive
[2026-08-28 10:04:42] bar relaunched (launchd)
[2026-08-28 10:04:45] bar wedged again right after reload -> kill
[2026-08-28 10:04:45] kill -9 due to: post-reload unresponsive
[2026-08-28 10:04:52] bar relaunched (launchd)
[2026-08-28 11:25:43] periodic probe: bar unresponsive
[2026-08-28 11:25:48] kill -9 due to: sustained unresponsiveness (periodic)
[2026-08-28 11:25:50] bar relaunched (launchd)
[2026-08-28 14:07:23] wake notification
[2026-08-28 14:07:26] bar not responsive on attempt 1/4
[2026-08-28 14:07:30] bar not responsive on attempt 2/4
[2026-08-28 14:07:33] bar not responsive on attempt 3/4
[2026-08-28 14:07:33] periodic probe: bar unresponsive
[2026-08-28 14:07:36] bar not responsive on attempt 4/4
[2026-08-28 14:07:38] kill -9 due to: sustained unresponsiveness (periodic)
[2026-08-28 14:07:38] bar never responded in 4 attempts -> kill
[2026-08-28 14:07:38] kill -9 due to: wake, bar never responded
[2026-08-28 14:07:50] bar relaunched via launchctl kickstart
[2026-08-28 14:07:50] bar relaunched (launchd)
[2026-08-28 14:42:03] periodic probe: bar unresponsive
[2026-08-28 16:29:23] periodic probe: bar unresponsive
[2026-08-28 16:29:28] kill -9 due to: sustained unresponsiveness (periodic)
[2026-08-28 16:29:30] bar relaunched (launchd)
[2026-08-29 10:35:02] wake notification
[2026-08-29 10:35:06] bar not responsive on attempt 1/4
[2026-08-29 10:35:09] bar not responsive on attempt 2/4
[2026-08-29 10:35:12] bar not responsive on attempt 3/4
[2026-08-29 10:35:13] periodic probe: bar unresponsive
[2026-08-29 10:35:15] bar not responsive on attempt 4/4
[2026-08-29 10:35:17] bar never responded in 4 attempts -> kill
[2026-08-29 10:35:17] kill -9 due to: wake, bar never responded
[2026-08-29 10:35:18] kill -9 due to: sustained unresponsiveness (periodic)
[2026-08-29 10:35:30] bar relaunched via launchctl kickstart
[2026-08-29 10:35:30] bar relaunched (launchd)
[2026-08-29 12:30:12] wake notification
[2026-08-29 12:30:15] bar not responsive on attempt 1/4
[2026-08-29 12:30:18] bar not responsive on attempt 2/4
[2026-08-29 12:30:21] bar not responsive on attempt 3/4
[2026-08-29 12:30:23] periodic probe: bar unresponsive
[2026-08-29 12:30:24] bar not responsive on attempt 4/4
[2026-08-29 12:30:26] bar never responded in 4 attempts -> kill
[2026-08-29 12:30:26] kill -9 due to: wake, bar never responded
[2026-08-29 12:30:28] kill -9 due to: sustained unresponsiveness (periodic)
[2026-08-29 12:30:39] bar relaunched (launchd)
[2026-08-29 12:30:40] bar relaunched (launchd)
[2026-08-29 12:31:13] periodic probe: bar unresponsive
[2026-08-29 12:34:22] wake notification
[2026-08-29 12:34:25] bar not responsive on attempt 1/4
[2026-08-29 12:34:28] bar not responsive on attempt 2/4
[2026-08-29 12:34:31] bar not responsive on attempt 3/4
[2026-08-29 12:34:33] periodic probe: bar unresponsive
[2026-08-29 12:34:34] bar not responsive on attempt 4/4
[2026-08-29 12:34:36] bar never responded in 4 attempts -> kill
[2026-08-29 12:34:36] kill -9 due to: wake, bar never responded
[2026-08-29 12:34:38] kill -9 due to: sustained unresponsiveness (periodic)
[2026-08-29 12:34:49] bar relaunched (launchd)
[2026-08-29 12:34:50] bar relaunched (launchd)
[2026-08-29 12:49:54] wake notification
[2026-08-29 12:49:57] bar not responsive on attempt 1/4
[2026-08-29 12:50:00] bar not responsive on attempt 2/4
[2026-08-29 12:50:03] periodic probe: bar unresponsive
[2026-08-29 12:50:03] bar not responsive on attempt 3/4
[2026-08-29 12:50:06] bar not responsive on attempt 4/4
[2026-08-29 12:50:08] kill -9 due to: sustained unresponsiveness (periodic)
[2026-08-29 12:50:08] bar never responded in 4 attempts -> kill
[2026-08-29 12:50:08] kill -9 due to: wake, bar never responded
[2026-08-29 12:50:20] bar relaunched via launchctl kickstart
[2026-08-29 12:50:21] bar relaunched (launchd)
[2026-08-29 12:54:51] wake notification
[2026-08-29 12:54:53] periodic probe: bar unresponsive
[2026-08-29 12:54:54] bar not responsive on attempt 1/4
[2026-08-29 12:54:57] bar not responsive on attempt 2/4
[2026-08-29 12:54:58] kill -9 due to: sustained unresponsiveness (periodic)
[2026-08-29 12:55:00] bar relaunched (launchd)
[2026-08-29 12:55:00] bar not responsive on attempt 3/4
[2026-08-29 12:55:03] bar responsive on attempt 4 -> reload
[2026-08-29 12:55:03] reload due to: wake, bar responsive
[2026-08-29 12:55:07] bar wedged again right after reload -> kill
[2026-08-29 12:55:07] kill -9 due to: post-reload unresponsive
[2026-08-29 12:55:11] bar relaunched (launchd)
[2026-08-29 12:58:17] wake notification
[2026-08-29 12:58:20] bar not responsive on attempt 1/4
[2026-08-29 12:58:23] periodic probe: bar unresponsive
[2026-08-29 12:58:23] bar not responsive on attempt 2/4
[2026-08-29 12:58:26] bar not responsive on attempt 3/4
[2026-08-29 12:58:28] kill -9 due to: sustained unresponsiveness (periodic)
[2026-08-29 12:58:29] bar not responsive on attempt 4/4
[2026-08-29 12:58:30] bar relaunched (launchd)
[2026-08-29 12:58:31] bar never responded in 4 attempts -> kill
[2026-08-29 12:58:31] kill -9 due to: wake, bar never responded
[2026-08-29 12:58:42] bar relaunched (launchd)
[2026-08-29 13:17:13] periodic probe: bar unresponsive
[2026-08-29 13:17:13] wake notification
[2026-08-29 13:17:16] bar not responsive on attempt 1/4
[2026-08-29 13:17:18] kill -9 due to: sustained unresponsiveness (periodic)
[2026-08-29 13:17:19] bar not responsive on attempt 2/4
[2026-08-29 13:17:22] bar not responsive on attempt 3/4
[2026-08-29 13:17:22] bar relaunched (launchd)
[2026-08-29 13:17:25] bar responsive on attempt 4 -> reload
[2026-08-29 13:17:25] reload due to: wake, bar responsive
[2026-08-29 13:17:30] bar wedged again right after reload -> kill
[2026-08-29 13:17:30] kill -9 due to: post-reload unresponsive
[2026-08-29 13:17:32] bar relaunched (launchd)
[2026-08-29 13:18:45] wake notification
[2026-08-29 13:18:48] bar not responsive on attempt 1/4
[2026-08-29 13:18:51] bar not responsive on attempt 2/4
[2026-08-29 13:18:53] periodic probe: bar unresponsive
[2026-08-29 13:18:55] bar not responsive on attempt 3/4
[2026-08-29 13:18:58] bar not responsive on attempt 4/4
[2026-08-29 13:18:58] kill -9 due to: sustained unresponsiveness (periodic)
[2026-08-29 13:19:00] bar never responded in 4 attempts -> kill
[2026-08-29 13:19:00] kill -9 due to: wake, bar never responded
[2026-08-29 13:19:00] bar relaunched (launchd)
[2026-08-29 13:19:10] bar relaunched (launchd)
[2026-08-29 13:21:24] wake notification
[2026-08-29 13:21:27] bar not responsive on attempt 1/4
[2026-08-29 13:21:30] bar not responsive on attempt 2/4
[2026-08-29 13:21:33] periodic probe: bar unresponsive
[2026-08-29 13:21:33] bar not responsive on attempt 3/4
[2026-08-29 13:21:36] bar not responsive on attempt 4/4
[2026-08-29 13:21:38] kill -9 due to: sustained unresponsiveness (periodic)
[2026-08-29 13:21:38] bar never responded in 4 attempts -> kill
[2026-08-29 13:21:38] kill -9 due to: wake, bar never responded
[2026-08-29 13:21:50] bar relaunched via launchctl kickstart
[2026-08-29 13:21:51] bar relaunched (launchd)
[2026-08-29 13:26:14] wake notification
[2026-08-29 13:26:17] bar not responsive on attempt 1/4
[2026-08-29 13:26:20] bar not responsive on attempt 2/4
[2026-08-29 13:26:23] periodic probe: bar unresponsive
[2026-08-29 13:26:23] bar not responsive on attempt 3/4
[2026-08-29 13:26:27] bar not responsive on attempt 4/4
[2026-08-29 13:26:28] kill -9 due to: sustained unresponsiveness (periodic)
[2026-08-29 13:26:29] bar never responded in 4 attempts -> kill
[2026-08-29 13:26:29] kill -9 due to: wake, bar never responded
[2026-08-29 13:26:41] bar relaunched via launchctl kickstart
[2026-08-29 13:26:41] bar relaunched (launchd)
[2026-08-29 16:43:59] wake notification
[2026-08-29 16:44:02] bar not responsive on attempt 1/4
[2026-08-29 16:44:03] periodic probe: bar unresponsive
[2026-08-29 16:44:05] bar not responsive on attempt 2/4
[2026-08-29 16:44:08] kill -9 due to: sustained unresponsiveness (periodic)
[2026-08-29 16:44:08] bar not responsive on attempt 3/4
[2026-08-29 16:44:12] bar not responsive on attempt 4/4
[2026-08-29 16:44:12] bar relaunched (launchd)
[2026-08-29 16:44:14] bar never responded in 4 attempts -> kill
[2026-08-29 16:44:14] kill -9 due to: wake, bar never responded
[2026-08-29 16:44:22] bar relaunched (launchd)
[2026-08-29 18:01:46] wake notification
[2026-08-29 18:01:49] bar not responsive on attempt 1/4
[2026-08-29 18:01:52] bar not responsive on attempt 2/4
[2026-08-29 18:01:53] periodic probe: bar unresponsive
[2026-08-29 18:01:55] bar not responsive on attempt 3/4
[2026-08-29 18:01:58] kill -9 due to: sustained unresponsiveness (periodic)
[2026-08-29 18:01:58] bar not responsive on attempt 4/4
[2026-08-29 18:02:00] bar relaunched (launchd)
[2026-08-29 18:02:00] bar never responded in 4 attempts -> kill
[2026-08-29 18:02:00] kill -9 due to: wake, bar never responded
[2026-08-29 18:02:11] bar relaunched (launchd)
[2026-08-29 18:03:33] wake notification
[2026-08-29 18:03:36] bar not responsive on attempt 1/4
[2026-08-29 18:03:39] bar responsive on attempt 2 -> reload
[2026-08-29 18:03:39] reload due to: wake, bar responsive
[2026-08-29 18:03:44] bar healthy after reload
[2026-08-29 18:12:00] wake notification
[2026-08-29 18:12:03] periodic probe: bar unresponsive
[2026-08-29 18:12:03] bar not responsive on attempt 1/4
[2026-08-29 18:12:06] bar not responsive on attempt 2/4
[2026-08-29 18:12:08] kill -9 due to: sustained unresponsiveness (periodic)
[2026-08-29 18:12:09] bar not responsive on attempt 3/4
[2026-08-29 18:12:10] bar relaunched (launchd)
[2026-08-29 18:12:12] bar not responsive on attempt 4/4
[2026-08-29 18:12:14] bar never responded in 4 attempts -> kill
[2026-08-29 18:12:14] kill -9 due to: wake, bar never responded
[2026-08-29 18:12:21] bar relaunched (launchd)
[2026-08-29 18:22:21] wake notification
[2026-08-29 18:22:23] periodic probe: bar unresponsive
[2026-08-29 18:22:24] bar not responsive on attempt 1/4
[2026-08-29 18:22:27] bar not responsive on attempt 2/4
[2026-08-29 18:22:28] kill -9 due to: sustained unresponsiveness (periodic)
[2026-08-29 18:22:30] bar not responsive on attempt 3/4
[2026-08-29 18:22:32] bar relaunched (launchd)
[2026-08-29 18:22:33] bar not responsive on attempt 4/4
[2026-08-29 18:22:35] bar never responded in 4 attempts -> kill
[2026-08-29 18:22:35] kill -9 due to: wake, bar never responded
[2026-08-29 18:22:42] bar relaunched (launchd)
[2026-08-29 18:24:52] wake notification
[2026-08-29 18:24:53] periodic probe: bar unresponsive
[2026-08-29 18:24:55] bar not responsive on attempt 1/4
[2026-08-29 18:24:58] kill -9 due to: sustained unresponsiveness (periodic)
[2026-08-29 18:24:58] bar not responsive on attempt 2/4
[2026-08-29 18:25:01] bar not responsive on attempt 3/4
[2026-08-29 18:25:02] bar relaunched (launchd)
[2026-08-29 18:25:04] bar not responsive on attempt 4/4
[2026-08-29 18:25:06] bar never responded in 4 attempts -> kill
[2026-08-29 18:25:06] kill -9 due to: wake, bar never responded
[2026-08-29 18:25:11] bar relaunched (launchd)
[2026-08-29 18:26:33] wake notification
[2026-08-29 18:26:36] bar not responsive on attempt 1/4
[2026-08-29 18:26:39] bar not responsive on attempt 2/4
[2026-08-29 18:26:42] bar not responsive on attempt 3/4
[2026-08-29 18:26:43] periodic probe: bar unresponsive
[2026-08-29 18:26:45] bar not responsive on attempt 4/4
[2026-08-29 18:26:47] bar never responded in 4 attempts -> kill
[2026-08-29 18:26:47] kill -9 due to: wake, bar never responded
[2026-08-29 18:26:48] kill -9 due to: sustained unresponsiveness (periodic)
[2026-08-29 18:27:00] bar relaunched (launchd)
[2026-08-29 18:27:00] bar relaunched (launchd)
[2026-08-30 11:10:28] wake notification
[2026-08-30 11:10:31] bar not responsive on attempt 1/4
[2026-08-30 11:10:33] periodic probe: bar unresponsive
[2026-08-30 11:10:34] bar not responsive on attempt 2/4
[2026-08-30 11:10:37] bar not responsive on attempt 3/4
[2026-08-30 11:10:38] kill -9 due to: sustained unresponsiveness (periodic)
[2026-08-30 11:10:40] bar relaunched (launchd)
[2026-08-30 11:10:40] bar not responsive on attempt 4/4
[2026-08-30 11:10:42] bar never responded in 4 attempts -> kill
[2026-08-30 11:10:42] kill -9 due to: wake, bar never responded
[2026-08-30 11:10:51] bar relaunched (launchd)
[2026-08-30 11:54:29] wake notification
[2026-08-30 11:54:32] bar not responsive on attempt 1/4
[2026-08-30 11:54:33] periodic probe: bar unresponsive
[2026-08-30 11:54:35] bar not responsive on attempt 2/4
[2026-08-30 11:54:38] kill -9 due to: sustained unresponsiveness (periodic)
[2026-08-30 11:54:38] bar not responsive on attempt 3/4
[2026-08-30 11:54:41] bar responsive on attempt 4 -> reload
[2026-08-30 11:54:41] reload due to: wake, bar responsive
[2026-08-30 11:54:42] bar relaunched (launchd)
[2026-08-30 11:54:46] bar healthy after reload
[2026-08-30 13:26:30] wake notification
[2026-08-30 13:26:33] periodic probe: bar unresponsive
[2026-08-30 13:26:33] bar not responsive on attempt 1/4
[2026-08-30 13:26:36] bar not responsive on attempt 2/4
[2026-08-30 13:26:38] kill -9 due to: sustained unresponsiveness (periodic)
[2026-08-30 13:26:39] bar not responsive on attempt 3/4
[2026-08-30 13:26:42] bar relaunched (launchd)
[2026-08-30 13:26:43] bar not responsive on attempt 4/4
[2026-08-30 13:26:45] bar never responded in 4 attempts -> kill
[2026-08-30 13:26:45] kill -9 due to: wake, bar never responded
[2026-08-30 13:26:51] bar relaunched (launchd)
[2026-08-30 16:59:24] wake notification
[2026-08-30 16:59:27] bar not responsive on attempt 1/4
[2026-08-30 16:59:30] bar not responsive on attempt 2/4
[2026-08-30 16:59:33] periodic probe: bar unresponsive
[2026-08-30 16:59:33] bar not responsive on attempt 3/4
[2026-08-30 16:59:36] bar not responsive on attempt 4/4
[2026-08-30 16:59:38] kill -9 due to: sustained unresponsiveness (periodic)
[2026-08-30 16:59:38] bar never responded in 4 attempts -> kill
[2026-08-30 16:59:38] kill -9 due to: wake, bar never responded
[2026-08-30 16:59:50] bar relaunched (launchd)
[2026-08-30 16:59:51] bar relaunched (launchd)
[2026-08-30 18:17:53] wake notification
[2026-08-30 18:17:56] bar not responsive on attempt 1/4
[2026-08-30 18:17:59] bar not responsive on attempt 2/4
[2026-08-30 18:18:02] bar not responsive on attempt 3/4
[2026-08-30 18:18:03] periodic probe: bar unresponsive
[2026-08-30 18:18:05] bar not responsive on attempt 4/4
[2026-08-30 18:18:07] bar never responded in 4 attempts -> kill
[2026-08-30 18:18:07] kill -9 due to: wake, bar never responded
[2026-08-30 18:18:08] kill -9 due to: sustained unresponsiveness (periodic)
[2026-08-30 18:18:20] bar relaunched (launchd)
[2026-08-30 18:18:21] bar relaunched (launchd)
[2026-08-31 09:20:01] wake notification
[2026-08-31 09:20:05] bar not responsive on attempt 1/4
[2026-08-31 09:20:08] bar not responsive on attempt 2/4
[2026-08-31 09:20:11] bar not responsive on attempt 3/4
[2026-08-31 09:20:13] periodic probe: bar unresponsive
[2026-08-31 09:20:14] bar not responsive on attempt 4/4
[2026-08-31 09:20:16] bar never responded in 4 attempts -> kill
[2026-08-31 09:20:16] kill -9 due to: wake, bar never responded
[2026-08-31 09:20:18] kill -9 due to: sustained unresponsiveness (periodic)
[2026-08-31 09:20:18] bar relaunched (launchd)
[2026-08-31 09:20:30] bar relaunched (launchd)
[2026-08-31 10:11:23] periodic probe: bar unresponsive
[2026-08-31 12:01:43] wake notification
[2026-08-31 12:01:46] bar not responsive on attempt 1/4
[2026-08-31 12:01:49] bar not responsive on attempt 2/4
[2026-08-31 12:01:52] bar not responsive on attempt 3/4
[2026-08-31 12:01:53] periodic probe: bar unresponsive
[2026-08-31 12:01:55] bar not responsive on attempt 4/4
[2026-08-31 12:01:57] bar never responded in 4 attempts -> kill
[2026-08-31 12:01:57] kill -9 due to: wake, bar never responded
[2026-08-31 12:01:58] kill -9 due to: sustained unresponsiveness (periodic)
[2026-08-31 12:02:10] bar relaunched (launchd)
[2026-08-31 12:02:11] bar relaunched (launchd)
[2026-08-31 14:24:03] wake notification
[2026-08-31 14:24:06] bar not responsive on attempt 1/4
[2026-08-31 14:24:09] bar not responsive on attempt 2/4
[2026-08-31 14:24:12] bar not responsive on attempt 3/4
[2026-08-31 14:24:13] periodic probe: bar unresponsive
[2026-08-31 14:24:15] bar not responsive on attempt 4/4
[2026-08-31 14:24:17] bar never responded in 4 attempts -> kill
[2026-08-31 14:24:17] kill -9 due to: wake, bar never responded
[2026-08-31 14:24:18] kill -9 due to: sustained unresponsiveness (periodic)
[2026-08-31 14:24:30] bar relaunched (launchd)
[2026-08-31 14:24:30] bar relaunched (launchd)
[2026-08-31 14:59:33] periodic probe: bar unresponsive
[2026-08-31 14:59:38] kill -9 due to: sustained unresponsiveness (periodic)
[2026-08-31 14:59:40] bar relaunched (launchd)
[2026-08-31 21:47:46] wake notification
[2026-08-31 21:47:49] bar not responsive on attempt 1/4
[2026-08-31 21:47:52] bar not responsive on attempt 2/4
[2026-08-31 21:47:53] periodic probe: bar unresponsive
[2026-08-31 21:47:55] bar not responsive on attempt 3/4
[2026-08-31 21:47:58] kill -9 due to: sustained unresponsiveness (periodic)
[2026-08-31 21:47:58] bar not responsive on attempt 4/4
[2026-08-31 21:48:00] bar never responded in 4 attempts -> kill
[2026-08-31 21:48:00] kill -9 due to: wake, bar never responded
[2026-08-31 21:48:10] bar relaunched via launchctl kickstart
[2026-08-31 21:48:11] bar relaunched (launchd)
[2026-09-01 10:09:21] wake notification
[2026-09-01 10:09:23] periodic probe: bar unresponsive
[2026-09-01 10:09:24] bar not responsive on attempt 1/4
[2026-09-01 10:09:27] bar not responsive on attempt 2/4
[2026-09-01 10:09:28] kill -9 due to: sustained unresponsiveness (periodic)
[2026-09-01 10:09:30] bar relaunched (launchd)
[2026-09-01 10:09:30] bar not responsive on attempt 3/4
[2026-09-01 10:09:33] bar responsive on attempt 4 -> reload
[2026-09-01 10:09:33] reload due to: wake, bar responsive
[2026-09-01 10:09:38] bar wedged again right after reload -> kill
[2026-09-01 10:09:38] kill -9 due to: post-reload unresponsive
[2026-09-01 10:09:42] bar relaunched (launchd)
[2026-09-01 10:11:03] periodic probe: bar unresponsive
[2026-09-01 10:11:08] kill -9 due to: sustained unresponsiveness (periodic)
[2026-09-01 10:11:23] bar relaunched via launchctl kickstart
[2026-09-01 10:18:12] wake_watch started pid=1382
[2026-09-01 10:53:33] wake notification
[2026-09-01 10:53:35] periodic probe: bar unresponsive
[2026-09-01 10:53:36] bar not responsive on attempt 1/4
[2026-09-01 10:53:39] bar not responsive on attempt 2/4
[2026-09-01 10:53:40] kill -9 due to: sustained unresponsiveness (periodic)
[2026-09-01 10:53:42] bar not responsive on attempt 3/4
[2026-09-01 10:53:44] bar relaunched (launchd)
[2026-09-01 10:53:45] bar responsive on attempt 4 -> reload
[2026-09-01 10:53:45] reload due to: wake, bar responsive
[2026-09-01 10:53:49] bar wedged again right after reload -> kill
[2026-09-01 10:53:49] kill -9 due to: post-reload unresponsive
[2026-09-01 10:53:53] bar relaunched (launchd)
[2026-09-01 14:08:57] wake notification
[2026-09-01 14:09:00] bar not responsive on attempt 1/4
[2026-09-01 14:09:03] bar not responsive on attempt 2/4
[2026-09-01 14:09:05] periodic probe: bar unresponsive
[2026-09-01 14:09:06] bar not responsive on attempt 3/4
[2026-09-01 14:09:10] bar not responsive on attempt 4/4
[2026-09-01 14:09:10] kill -9 due to: sustained unresponsiveness (periodic)
[2026-09-01 14:09:12] bar never responded in 4 attempts -> kill
[2026-09-01 14:09:12] kill -9 due to: wake, bar never responded
[2026-09-01 14:09:23] bar relaunched (launchd)
[2026-09-01 14:09:24] bar relaunched (launchd)
[2026-09-01 22:17:35] wake notification
[2026-09-01 22:17:38] bar not responsive on attempt 1/4
[2026-09-01 22:17:41] bar not responsive on attempt 2/4
[2026-09-01 22:17:44] bar not responsive on attempt 3/4
[2026-09-01 22:17:45] periodic probe: bar unresponsive
[2026-09-01 22:17:47] bar not responsive on attempt 4/4
[2026-09-01 22:17:49] bar never responded in 4 attempts -> kill
[2026-09-01 22:17:49] kill -9 due to: wake, bar never responded
[2026-09-01 22:17:50] kill -9 due to: sustained unresponsiveness (periodic)
[2026-09-01 22:18:02] bar relaunched via launchctl kickstart
[2026-09-01 22:18:03] bar relaunched (launchd)
[2026-09-02 08:56:27] wake notification
[2026-09-02 08:56:30] bar not responsive on attempt 1/4
[2026-09-02 08:56:33] bar not responsive on attempt 2/4
[2026-09-02 08:56:35] periodic probe: bar unresponsive
[2026-09-02 08:56:36] bar not responsive on attempt 3/4
[2026-09-02 08:56:39] bar not responsive on attempt 4/4
[2026-09-02 08:56:40] kill -9 due to: sustained unresponsiveness (periodic)
[2026-09-02 08:56:41] bar never responded in 4 attempts -> kill
[2026-09-02 08:56:41] kill -9 due to: wake, bar never responded
[2026-09-02 08:56:53] bar relaunched (launchd)
[2026-09-02 08:56:54] bar relaunched (launchd)
[2026-09-02 10:32:35] periodic probe: bar unresponsive
[2026-09-02 14:06:27] wake notification
[2026-09-02 14:06:30] bar not responsive on attempt 1/4
[2026-09-02 14:06:34] bar not responsive on attempt 2/4
[2026-09-02 14:06:35] periodic probe: bar unresponsive
[2026-09-02 14:06:37] bar not responsive on attempt 3/4
[2026-09-02 14:06:40] bar responsive on attempt 4 -> reload
[2026-09-02 14:06:40] reload due to: wake, bar responsive
[2026-09-02 14:06:44] bar wedged again right after reload -> kill
[2026-09-02 14:06:44] kill -9 due to: post-reload unresponsive
[2026-09-02 14:06:46] bar relaunched (launchd)
[2026-09-02 17:34:53] wake notification
[2026-09-02 17:34:55] periodic probe: bar unresponsive
[2026-09-02 17:34:56] bar not responsive on attempt 1/4
[2026-09-02 17:34:59] bar not responsive on attempt 2/4
[2026-09-02 17:35:00] kill -9 due to: sustained unresponsiveness (periodic)
[2026-09-02 17:35:02] bar responsive on attempt 3 -> reload
[2026-09-02 17:35:02] reload due to: wake, bar responsive
[2026-09-02 17:35:04] bar relaunched (launchd)
[2026-09-02 17:35:06] bar wedged again right after reload -> kill
[2026-09-02 17:35:06] kill -9 due to: post-reload unresponsive
[2026-09-02 17:35:12] bar relaunched (launchd)
[2026-09-02 18:19:27] wake notification
[2026-09-02 18:19:30] bar not responsive on attempt 1/4
[2026-09-02 18:19:33] bar not responsive on attempt 2/4
[2026-09-02 18:19:35] periodic probe: bar unresponsive
[2026-09-02 18:19:36] bar not responsive on attempt 3/4
[2026-09-02 18:19:39] bar not responsive on attempt 4/4
[2026-09-02 18:19:40] kill -9 due to: sustained unresponsiveness (periodic)
[2026-09-02 18:19:41] bar never responded in 4 attempts -> kill
[2026-09-02 18:19:41] kill -9 due to: wake, bar never responded
[2026-09-02 18:19:52] bar relaunched (launchd)
[2026-09-02 18:19:54] bar relaunched (launchd)
[2026-09-02 18:55:17] wake notification
[2026-09-02 18:55:20] bar not responsive on attempt 1/4
[2026-09-02 18:55:23] bar not responsive on attempt 2/4
[2026-09-02 18:55:25] periodic probe: bar unresponsive
[2026-09-02 18:55:26] bar not responsive on attempt 3/4
[2026-09-02 18:55:30] bar not responsive on attempt 4/4
[2026-09-02 18:55:30] kill -9 due to: sustained unresponsiveness (periodic)
[2026-09-02 18:55:32] bar never responded in 4 attempts -> kill
[2026-09-02 18:55:32] kill -9 due to: wake, bar never responded
[2026-09-02 18:55:43] bar relaunched (launchd)
[2026-09-02 18:55:44] bar relaunched (launchd)
[2026-09-02 18:56:42] wake notification
[2026-09-02 18:56:45] periodic probe: bar unresponsive
[2026-09-02 18:56:46] bar not responsive on attempt 1/4
[2026-09-02 18:56:49] bar not responsive on attempt 2/4
[2026-09-02 18:56:50] kill -9 due to: sustained unresponsiveness (periodic)
[2026-09-02 18:56:52] bar not responsive on attempt 3/4
[2026-09-02 18:56:54] bar relaunched (launchd)
[2026-09-02 18:56:55] bar not responsive on attempt 4/4
[2026-09-02 18:56:57] bar never responded in 4 attempts -> kill
[2026-09-02 18:56:57] kill -9 due to: wake, bar never responded
[2026-09-02 18:57:03] bar relaunched (launchd)
[2026-09-02 19:55:14] wake notification
[2026-09-02 19:55:18] bar not responsive on attempt 1/4
[2026-09-02 19:55:21] bar not responsive on attempt 2/4
[2026-09-02 19:55:24] bar not responsive on attempt 3/4
[2026-09-02 19:55:25] periodic probe: bar unresponsive
[2026-09-02 19:55:27] bar not responsive on attempt 4/4
[2026-09-02 19:55:29] bar never responded in 4 attempts -> kill
[2026-09-02 19:55:29] kill -9 due to: wake, bar never responded
[2026-09-02 19:55:30] kill -9 due to: sustained unresponsiveness (periodic)
[2026-09-02 19:55:42] bar relaunched via launchctl kickstart
[2026-09-02 19:55:42] bar relaunched (launchd)
[2026-09-03 10:16:54] wake notification
[2026-09-03 10:16:57] bar not responsive on attempt 1/4
[2026-09-03 10:17:00] bar not responsive on attempt 2/4
[2026-09-03 10:17:03] bar not responsive on attempt 3/4
[2026-09-03 10:17:05] periodic probe: bar unresponsive
[2026-09-03 10:17:06] bar not responsive on attempt 4/4
[2026-09-03 10:17:08] bar never responded in 4 attempts -> kill
[2026-09-03 10:17:08] kill -9 due to: wake, bar never responded
[2026-09-03 10:17:10] kill -9 due to: sustained unresponsiveness (periodic)
[2026-09-03 10:17:21] bar relaunched (launchd)
[2026-09-03 10:17:22] bar relaunched (launchd)
[2026-09-03 15:13:20] wake notification
[2026-09-03 15:13:23] bar not responsive on attempt 1/4
[2026-09-03 15:13:25] periodic probe: bar unresponsive
[2026-09-03 15:13:26] bar not responsive on attempt 2/4
[2026-09-03 15:13:29] bar not responsive on attempt 3/4
[2026-09-03 15:13:30] kill -9 due to: sustained unresponsiveness (periodic)
[2026-09-03 15:13:32] bar not responsive on attempt 4/4
[2026-09-03 15:13:34] bar relaunched (launchd)
[2026-09-03 15:13:34] bar never responded in 4 attempts -> kill
[2026-09-03 15:13:34] kill -9 due to: wake, bar never responded
[2026-09-03 15:13:43] bar relaunched (launchd)
[2026-09-03 15:40:55] periodic probe: bar unresponsive
[2026-09-03 15:41:00] kill -9 due to: sustained unresponsiveness (periodic)
[2026-09-03 15:41:02] bar relaunched (launchd)
[2026-09-03 22:02:27] wake notification
[2026-09-03 22:02:30] bar not responsive on attempt 1/4
[2026-09-03 22:02:33] bar not responsive on attempt 2/4
[2026-09-03 22:02:35] periodic probe: bar unresponsive
[2026-09-03 22:02:36] bar not responsive on attempt 3/4
[2026-09-03 22:02:39] bar not responsive on attempt 4/4
[2026-09-03 22:02:40] kill -9 due to: sustained unresponsiveness (periodic)
[2026-09-03 22:02:41] bar never responded in 4 attempts -> kill
[2026-09-03 22:02:41] kill -9 due to: wake, bar never responded
[2026-09-03 22:02:42] bar relaunched (launchd)
[2026-09-03 22:02:54] bar relaunched (launchd)
[2026-09-04 09:15:35] wake notification
[2026-09-04 09:15:38] bar not responsive on attempt 1/4
[2026-09-04 09:15:41] bar not responsive on attempt 2/4
[2026-09-04 09:15:44] bar not responsive on attempt 3/4
[2026-09-04 09:15:45] periodic probe: bar unresponsive
[2026-09-04 09:15:47] bar not responsive on attempt 4/4
[2026-09-04 09:15:49] bar never responded in 4 attempts -> kill
[2026-09-04 09:15:49] kill -9 due to: wake, bar never responded
[2026-09-04 09:15:50] kill -9 due to: sustained unresponsiveness (periodic)
[2026-09-04 09:16:03] bar relaunched (launchd)
[2026-09-04 09:16:03] bar relaunched (launchd)
[2026-09-04 10:42:42] wake notification
[2026-09-04 10:42:45] periodic probe: bar unresponsive
[2026-09-04 10:42:45] bar not responsive on attempt 1/4
[2026-09-04 10:42:48] bar not responsive on attempt 2/4
[2026-09-04 10:42:50] kill -9 due to: sustained unresponsiveness (periodic)
[2026-09-04 10:42:51] bar not responsive on attempt 3/4
[2026-09-04 10:42:54] bar relaunched (launchd)
[2026-09-04 10:42:54] bar not responsive on attempt 4/4
[2026-09-04 10:42:57] bar never responded in 4 attempts -> kill
[2026-09-04 10:42:57] kill -9 due to: wake, bar never responded
[2026-09-04 10:43:03] bar relaunched (launchd)
[2026-09-04 15:36:33] wake notification
[2026-09-04 15:36:35] periodic probe: bar unresponsive
[2026-09-04 15:36:36] bar not responsive on attempt 1/4
[2026-09-04 15:36:39] bar not responsive on attempt 2/4
[2026-09-04 15:36:40] kill -9 due to: sustained unresponsiveness (periodic)
[2026-09-04 15:36:42] bar responsive on attempt 3 -> reload
[2026-09-04 15:36:42] reload due to: wake, bar responsive
[2026-09-04 15:36:44] bar relaunched (launchd)
[2026-09-04 15:36:47] bar wedged again right after reload -> kill
[2026-09-04 15:36:47] kill -9 due to: post-reload unresponsive
[2026-09-04 15:36:53] bar relaunched (launchd)
[2026-09-04 16:28:15] periodic probe: bar unresponsive
[2026-09-04 16:28:20] kill -9 due to: sustained unresponsiveness (periodic)
[2026-09-04 16:28:22] bar relaunched (launchd)
[2026-09-04 18:52:35] periodic probe: bar unresponsive
[2026-09-05 10:20:05] periodic probe: bar unresponsive
[2026-09-05 10:20:10] kill -9 due to: sustained unresponsiveness (periodic)
[2026-09-05 10:20:12] bar relaunched (launchd)
[2026-09-05 11:37:45] periodic probe: bar unresponsive
[2026-09-05 11:37:50] kill -9 due to: sustained unresponsiveness (periodic)
[2026-09-05 11:37:52] bar relaunched (launchd)
[2026-09-05 17:46:55] periodic probe: bar unresponsive
[2026-09-05 18:49:25] periodic probe: bar unresponsive
[2026-09-06 11:56:55] periodic probe: bar unresponsive
[2026-09-06 11:57:00] kill -9 due to: sustained unresponsiveness (periodic)
[2026-09-06 11:57:02] bar relaunched (launchd)
[2026-09-06 14:50:35] periodic probe: bar unresponsive
[2026-09-06 14:50:40] kill -9 due to: sustained unresponsiveness (periodic)
[2026-09-06 14:50:42] bar relaunched (launchd)
[2026-09-06 20:00:45] periodic probe: bar unresponsive
[2026-09-06 20:00:50] kill -9 due to: sustained unresponsiveness (periodic)
[2026-09-06 20:00:52] bar relaunched (launchd)
[2026-09-07 09:31:55] periodic probe: bar unresponsive
[2026-09-07 09:32:00] kill -9 due to: sustained unresponsiveness (periodic)
[2026-09-07 09:32:02] bar relaunched (launchd)
[2026-09-07 19:05:45] periodic probe: bar unresponsive
[2026-09-07 19:05:50] kill -9 due to: sustained unresponsiveness (periodic)
[2026-09-07 19:05:52] bar relaunched (launchd)
[2026-09-07 20:00:35] periodic probe: bar unresponsive
[2026-09-07 20:00:40] kill -9 due to: sustained unresponsiveness (periodic)
[2026-09-07 20:00:42] bar relaunched (launchd)
[2026-09-07 21:57:15] periodic probe: bar unresponsive
[2026-09-08 09:36:15] periodic probe: bar unresponsive
[2026-09-08 09:36:20] kill -9 due to: sustained unresponsiveness (periodic)
[2026-09-08 09:36:22] bar relaunched (launchd)
[2026-09-08 14:06:18] wake notification
[2026-09-08 14:06:21] bar not responsive on attempt 1/4
[2026-09-08 14:06:24] bar not responsive on attempt 2/4
[2026-09-08 14:06:25] periodic probe: bar unresponsive
[2026-09-08 14:06:27] bar not responsive on attempt 3/4
[2026-09-08 14:06:30] kill -9 due to: sustained unresponsiveness (periodic)
[2026-09-08 14:06:30] bar not responsive on attempt 4/4
[2026-09-08 14:06:32] bar relaunched (launchd)
[2026-09-08 14:06:32] bar never responded in 4 attempts -> kill
[2026-09-08 14:06:32] kill -9 due to: wake, bar never responded
[2026-09-08 14:06:43] bar relaunched (launchd)
[2026-09-08 14:37:35] periodic probe: bar unresponsive
[2026-09-08 15:17:40] wake notification
[2026-09-08 15:17:43] bar not responsive on attempt 1/4
[2026-09-08 15:17:45] periodic probe: bar unresponsive
[2026-09-08 15:17:46] bar not responsive on attempt 2/4
[2026-09-08 15:17:50] bar not responsive on attempt 3/4
[2026-09-08 15:17:50] kill -9 due to: sustained unresponsiveness (periodic)
[2026-09-08 15:17:53] bar responsive on attempt 4 -> reload
[2026-09-08 15:17:53] reload due to: wake, bar responsive
[2026-09-08 15:17:54] bar relaunched (launchd)
[2026-09-08 15:17:57] bar healthy after reload
[2026-09-09 12:10:20] wake notification
[2026-09-09 12:10:23] bar not responsive on attempt 1/4
[2026-09-09 12:10:25] periodic probe: bar unresponsive
[2026-09-09 12:10:26] bar not responsive on attempt 2/4
[2026-09-09 12:10:29] bar not responsive on attempt 3/4
[2026-09-09 12:10:30] kill -9 due to: sustained unresponsiveness (periodic)
[2026-09-09 12:10:32] bar relaunched (launchd)
[2026-09-09 12:10:32] bar not responsive on attempt 4/4
[2026-09-09 12:10:34] bar never responded in 4 attempts -> kill
[2026-09-09 12:10:34] kill -9 due to: wake, bar never responded
[2026-09-09 12:10:43] bar relaunched (launchd)
[2026-09-09 12:21:15] periodic probe: bar unresponsive
[2026-09-09 12:21:20] kill -9 due to: sustained unresponsiveness (periodic)
[2026-09-09 12:21:36] bar relaunched via launchctl kickstart
[2026-09-09 12:22:14] periodic probe: bar unresponsive
[2026-09-09 12:22:19] kill -9 due to: sustained unresponsiveness (periodic)
[2026-09-09 12:30:57] wake_watch started pid=1433
[2026-09-09 12:54:44] wake notification
[2026-09-09 12:54:47] bar not responsive on attempt 1/4
[2026-09-09 12:54:50] periodic probe: bar unresponsive
[2026-09-09 12:54:51] bar not responsive on attempt 2/4
[2026-09-09 12:54:54] bar responsive on attempt 3 -> reload
[2026-09-09 12:54:54] reload due to: wake, bar responsive
[2026-09-09 12:54:55] kill -9 due to: sustained unresponsiveness (periodic)
[2026-09-09 12:54:57] bar relaunched (launchd)
[2026-09-09 12:54:58] bar wedged again right after reload -> kill
[2026-09-09 12:54:58] kill -9 due to: post-reload unresponsive
[2026-09-09 12:55:09] bar relaunched (launchd)
[2026-09-09 14:34:19] wake notification
[2026-09-09 14:34:22] bar not responsive on attempt 1/4
[2026-09-09 14:34:26] bar not responsive on attempt 2/4
[2026-09-09 14:34:29] bar not responsive on attempt 3/4
[2026-09-09 14:34:30] periodic probe: bar unresponsive
[2026-09-09 14:34:32] bar not responsive on attempt 4/4
[2026-09-09 14:34:34] bar never responded in 4 attempts -> kill
[2026-09-09 14:34:34] kill -9 due to: wake, bar never responded
[2026-09-09 14:34:35] kill -9 due to: sustained unresponsiveness (periodic)
[2026-09-09 14:34:47] bar relaunched (launchd)
[2026-09-09 14:34:48] bar relaunched (launchd)
[2026-09-09 18:09:41] wake notification
[2026-09-09 18:09:44] bar not responsive on attempt 1/4
[2026-09-09 18:09:47] bar not responsive on attempt 2/4
[2026-09-09 18:09:50] periodic probe: bar unresponsive
[2026-09-09 18:09:50] bar not responsive on attempt 3/4
[2026-09-09 18:09:53] bar not responsive on attempt 4/4
[2026-09-09 18:09:55] kill -9 due to: sustained unresponsiveness (periodic)
[2026-09-09 18:09:55] bar never responded in 4 attempts -> kill
[2026-09-09 18:09:55] kill -9 due to: wake, bar never responded
[2026-09-09 18:10:08] bar relaunched (launchd)
[2026-09-09 18:10:08] bar relaunched (launchd)
[2026-09-09 21:48:38] wake notification
[2026-09-09 21:48:40] periodic probe: bar unresponsive
[2026-09-09 21:48:41] bar not responsive on attempt 1/4
[2026-09-09 21:48:44] bar not responsive on attempt 2/4
[2026-09-09 21:48:45] kill -9 due to: sustained unresponsiveness (periodic)
[2026-09-09 21:48:47] bar relaunched (launchd)
[2026-09-09 21:48:47] bar responsive on attempt 3 -> reload
[2026-09-09 21:48:47] reload due to: wake, bar responsive
[2026-09-09 21:48:52] bar healthy after reload
[2026-09-10 09:52:58] wake notification
[2026-09-10 09:53:00] periodic probe: bar unresponsive
[2026-09-10 09:53:01] bar not responsive on attempt 1/4
[2026-09-10 09:53:04] bar not responsive on attempt 2/4
[2026-09-10 09:53:05] kill -9 due to: sustained unresponsiveness (periodic)
[2026-09-10 09:53:07] bar relaunched (launchd)
[2026-09-10 09:53:07] bar responsive on attempt 3 -> reload
[2026-09-10 09:53:07] reload due to: wake, bar responsive
[2026-09-10 09:53:11] bar wedged again right after reload -> kill
[2026-09-10 09:53:11] kill -9 due to: post-reload unresponsive
[2026-09-10 09:53:18] bar relaunched (launchd)
[2026-09-10 14:13:47] wake notification
[2026-09-10 14:13:50] periodic probe: bar unresponsive
[2026-09-10 14:13:50] bar not responsive on attempt 1/4
[2026-09-10 14:13:53] bar not responsive on attempt 2/4
[2026-09-10 14:13:55] kill -9 due to: sustained unresponsiveness (periodic)
[2026-09-10 14:13:56] bar not responsive on attempt 3/4
[2026-09-10 14:13:57] bar relaunched (launchd)
[2026-09-10 14:14:00] bar not responsive on attempt 4/4
[2026-09-10 14:14:02] bar never responded in 4 attempts -> kill
[2026-09-10 14:14:02] kill -9 due to: wake, bar never responded
[2026-09-10 14:14:08] bar relaunched (launchd)
[2026-09-10 15:09:30] periodic probe: bar unresponsive
[2026-09-10 15:54:46] wake notification
[2026-09-10 15:54:49] bar not responsive on attempt 1/4
[2026-09-10 15:54:50] periodic probe: bar unresponsive
[2026-09-10 15:54:52] bar not responsive on attempt 2/4
[2026-09-10 15:54:55] kill -9 due to: sustained unresponsiveness (periodic)
[2026-09-10 15:54:55] bar not responsive on attempt 3/4
[2026-09-10 15:54:57] bar relaunched (launchd)
[2026-09-10 15:54:58] bar responsive on attempt 4 -> reload
[2026-09-10 15:54:58] reload due to: wake, bar responsive
[2026-09-10 15:55:02] bar healthy after reload
[2026-09-10 16:54:00] wake notification
[2026-09-10 16:54:03] bar not responsive on attempt 1/4
[2026-09-10 16:54:06] bar not responsive on attempt 2/4
[2026-09-10 16:54:09] bar not responsive on attempt 3/4
[2026-09-10 16:54:10] periodic probe: bar unresponsive
[2026-09-10 16:54:12] bar not responsive on attempt 4/4
[2026-09-10 16:54:14] bar never responded in 4 attempts -> kill
[2026-09-10 16:54:14] kill -9 due to: wake, bar never responded
[2026-09-10 16:54:15] kill -9 due to: sustained unresponsiveness (periodic)
[2026-09-10 16:54:27] bar relaunched via launchctl kickstart
[2026-09-10 16:54:27] bar relaunched (launchd)
[2026-09-10 18:42:38] wake notification
[2026-09-10 18:42:40] periodic probe: bar unresponsive
[2026-09-10 18:42:41] bar not responsive on attempt 1/4
[2026-09-10 18:42:44] bar not responsive on attempt 2/4
[2026-09-10 18:42:45] kill -9 due to: sustained unresponsiveness (periodic)
[2026-09-10 18:42:47] bar relaunched (launchd)
[2026-09-10 18:42:47] bar responsive on attempt 3 -> reload
[2026-09-10 18:42:47] reload due to: wake, bar responsive
[2026-09-10 18:42:52] bar healthy after reload
[2026-09-11 08:35:36] wake notification
[2026-09-11 08:35:39] bar not responsive on attempt 1/4
[2026-09-11 08:35:40] periodic probe: bar unresponsive
[2026-09-11 08:35:42] bar not responsive on attempt 2/4
[2026-09-11 08:35:45] kill -9 due to: sustained unresponsiveness (periodic)
[2026-09-11 08:35:45] bar not responsive on attempt 3/4
[2026-09-11 08:35:47] bar relaunched (launchd)
[2026-09-11 08:35:48] bar responsive on attempt 4 -> reload
[2026-09-11 08:35:48] reload due to: wake, bar responsive
[2026-09-11 08:35:53] bar wedged again right after reload -> kill
[2026-09-11 08:35:53] kill -9 due to: post-reload unresponsive
[2026-09-11 08:35:59] bar relaunched (launchd)
[2026-09-13 18:30:31] wake notification
[2026-09-13 18:30:34] bar not responsive on attempt 1/4
[2026-09-13 18:30:37] bar not responsive on attempt 2/4
[2026-09-13 18:30:40] periodic probe: bar unresponsive
[2026-09-13 18:30:40] bar not responsive on attempt 3/4
[2026-09-13 18:30:43] bar not responsive on attempt 4/4
[2026-09-13 18:30:45] bar never responded in 4 attempts -> kill
[2026-09-13 18:30:45] kill -9 due to: wake, bar never responded
[2026-09-13 18:30:47] bar relaunched (launchd)
[2026-09-14 09:54:37] wake notification
[2026-09-14 09:54:40] periodic probe: bar unresponsive
[2026-09-14 09:54:41] bar not responsive on attempt 1/4
[2026-09-14 09:54:44] bar not responsive on attempt 2/4
[2026-09-14 09:54:45] kill -9 due to: sustained unresponsiveness (periodic)
[2026-09-14 09:54:47] bar not responsive on attempt 3/4
[2026-09-14 09:54:47] bar relaunched (launchd)
[2026-09-14 09:54:50] bar responsive on attempt 4 -> reload
[2026-09-14 09:54:50] reload due to: wake, bar responsive
[2026-09-14 09:54:54] bar wedged again right after reload -> kill
[2026-09-14 09:54:54] kill -9 due to: post-reload unresponsive
[2026-09-14 09:54:58] bar relaunched (launchd)
[2026-09-14 11:14:42] wake notification
[2026-09-14 11:14:45] bar not responsive on attempt 1/4
[2026-09-14 11:14:48] bar not responsive on attempt 2/4
[2026-09-14 11:14:50] periodic probe: bar unresponsive
[2026-09-14 11:14:51] bar not responsive on attempt 3/4
[2026-09-14 11:14:55] bar not responsive on attempt 4/4
[2026-09-14 11:14:55] kill -9 due to: sustained unresponsiveness (periodic)
[2026-09-14 11:14:57] bar never responded in 4 attempts -> kill
[2026-09-14 11:14:57] kill -9 due to: wake, bar never responded
[2026-09-14 11:14:57] bar relaunched (launchd)
[2026-09-14 11:15:09] bar relaunched (launchd)
[2026-09-14 12:46:10] periodic probe: bar unresponsive
[2026-09-14 14:01:56] wake notification
[2026-09-14 14:02:00] bar not responsive on attempt 1/4
[2026-09-14 14:02:00] periodic probe: bar unresponsive
[2026-09-14 14:02:03] bar not responsive on attempt 2/4
[2026-09-14 14:02:05] kill -9 due to: sustained unresponsiveness (periodic)
[2026-09-14 14:02:06] bar not responsive on attempt 3/4
[2026-09-14 14:02:09] bar responsive on attempt 4 -> reload
[2026-09-14 14:02:09] reload due to: wake, bar responsive
[2026-09-14 14:02:09] bar relaunched (launchd)
[2026-09-14 14:02:13] bar healthy after reload
[2026-09-14 15:38:17] wake notification
[2026-09-14 15:38:20] periodic probe: bar unresponsive
[2026-09-14 15:38:20] bar not responsive on attempt 1/4
[2026-09-14 15:38:23] bar not responsive on attempt 2/4
[2026-09-14 15:38:25] kill -9 due to: sustained unresponsiveness (periodic)
[2026-09-14 15:38:26] bar not responsive on attempt 3/4
[2026-09-14 15:38:27] bar relaunched (launchd)
[2026-09-14 15:38:29] bar responsive on attempt 4 -> reload
[2026-09-14 15:38:29] reload due to: wake, bar responsive
[2026-09-14 15:38:34] bar healthy after reload
[2026-09-14 17:41:00] wake notification
[2026-09-14 17:41:03] bar not responsive on attempt 1/4
[2026-09-14 17:41:06] bar not responsive on attempt 2/4
[2026-09-14 17:41:09] bar not responsive on attempt 3/4
[2026-09-14 17:41:10] periodic probe: bar unresponsive
[2026-09-14 17:41:12] bar not responsive on attempt 4/4
[2026-09-14 17:41:14] bar never responded in 4 attempts -> kill
[2026-09-14 17:41:14] kill -9 due to: wake, bar never responded
[2026-09-14 17:41:15] kill -9 due to: sustained unresponsiveness (periodic)
[2026-09-14 17:41:27] bar relaunched (launchd)
[2026-09-14 17:41:28] bar relaunched (launchd)
[2026-09-14 18:33:42] wake notification
[2026-09-14 18:33:45] bar not responsive on attempt 1/4
[2026-09-14 18:33:48] bar not responsive on attempt 2/4
[2026-09-14 18:33:50] periodic probe: bar unresponsive
[2026-09-14 18:33:51] bar not responsive on attempt 3/4
[2026-09-14 18:33:55] bar not responsive on attempt 4/4
[2026-09-14 18:33:55] kill -9 due to: sustained unresponsiveness (periodic)
[2026-09-14 18:33:57] bar never responded in 4 attempts -> kill
[2026-09-14 18:33:57] kill -9 due to: wake, bar never responded
[2026-09-14 18:33:57] bar relaunched (launchd)
[2026-09-14 18:34:09] bar relaunched (launchd)
[2026-09-14 22:04:48] wake notification
[2026-09-14 22:04:50] periodic probe: bar unresponsive
[2026-09-14 22:04:51] bar not responsive on attempt 1/4
[2026-09-14 22:04:54] bar not responsive on attempt 2/4
[2026-09-14 22:04:55] kill -9 due to: sustained unresponsiveness (periodic)
[2026-09-14 22:04:58] bar responsive on attempt 3 -> reload
[2026-09-14 22:04:58] reload due to: wake, bar responsive
[2026-09-14 22:04:59] bar relaunched (launchd)
[2026-09-14 22:05:02] bar healthy after reload
[2026-09-15 09:20:07] wake notification
[2026-09-15 09:20:10] periodic probe: bar unresponsive
[2026-09-15 09:20:10] bar not responsive on attempt 1/4
[2026-09-15 09:20:13] bar not responsive on attempt 2/4
[2026-09-15 09:20:15] kill -9 due to: sustained unresponsiveness (periodic)
[2026-09-15 09:20:16] bar not responsive on attempt 3/4
[2026-09-15 09:20:19] bar relaunched (launchd)
[2026-09-15 09:20:20] bar responsive on attempt 4 -> reload
[2026-09-15 09:20:20] reload due to: wake, bar responsive
[2026-09-15 09:20:24] bar healthy after reload
[2026-09-15 10:40:29] wake notification
[2026-09-15 10:40:32] bar not responsive on attempt 1/4
[2026-09-15 10:40:35] bar not responsive on attempt 2/4
[2026-09-15 10:40:38] bar not responsive on attempt 3/4
[2026-09-15 10:40:40] periodic probe: bar unresponsive
[2026-09-15 10:40:41] bar not responsive on attempt 4/4
[2026-09-15 10:40:43] bar never responded in 4 attempts -> kill
[2026-09-15 10:40:43] kill -9 due to: wake, bar never responded
[2026-09-15 10:40:45] kill -9 due to: sustained unresponsiveness (periodic)
[2026-09-15 10:40:56] bar relaunched (launchd)
[2026-09-15 10:40:57] bar relaunched (launchd)
[2026-09-15 13:25:55] wake notification
[2026-09-15 13:25:58] bar not responsive on attempt 1/4
[2026-09-15 13:26:00] periodic probe: bar unresponsive
[2026-09-15 13:26:01] bar not responsive on attempt 2/4
[2026-09-15 13:26:04] bar not responsive on attempt 3/4
[2026-09-15 13:26:05] kill -9 due to: sustained unresponsiveness (periodic)
[2026-09-15 13:26:08] bar responsive on attempt 4 -> reload
[2026-09-15 13:26:08] reload due to: wake, bar responsive
[2026-09-15 13:26:09] bar relaunched (launchd)
[2026-09-15 13:26:12] bar wedged again right after reload -> kill
[2026-09-15 13:26:12] kill -9 due to: post-reload unresponsive
[2026-09-15 13:26:18] bar relaunched (launchd)
[2026-09-15 17:21:48] wake notification
[2026-09-15 17:21:51] bar not responsive on attempt 1/4
[2026-09-15 17:21:54] bar not responsive on attempt 2/4
[2026-09-15 17:21:58] bar not responsive on attempt 3/4
[2026-09-15 17:22:00] periodic probe: bar unresponsive
[2026-09-15 17:22:01] bar not responsive on attempt 4/4
[2026-09-15 17:22:03] bar never responded in 4 attempts -> kill
[2026-09-15 17:22:03] kill -9 due to: wake, bar never responded
[2026-09-15 17:22:05] bar relaunched (launchd)
[2026-09-16 09:51:11] wake notification
[2026-09-16 09:51:14] bar not responsive on attempt 1/4
[2026-09-16 09:51:17] bar not responsive on attempt 2/4
[2026-09-16 09:51:20] periodic probe: bar unresponsive
[2026-09-16 09:51:20] bar not responsive on attempt 3/4
[2026-09-16 09:51:23] bar not responsive on attempt 4/4
[2026-09-16 09:51:25] kill -9 due to: sustained unresponsiveness (periodic)
[2026-09-16 09:51:25] bar never responded in 4 attempts -> kill
[2026-09-16 09:51:25] kill -9 due to: wake, bar never responded
[2026-09-16 09:51:37] bar relaunched via launchctl kickstart
[2026-09-16 09:51:38] bar relaunched (launchd)
[2026-09-16 11:31:18] wake notification
[2026-09-16 11:31:21] bar not responsive on attempt 1/4
[2026-09-16 11:31:24] bar not responsive on attempt 2/4
[2026-09-16 11:31:27] bar not responsive on attempt 3/4
[2026-09-16 11:31:30] periodic probe: bar unresponsive
[2026-09-16 11:31:31] bar not responsive on attempt 4/4
[2026-09-16 11:31:33] bar never responded in 4 attempts -> kill
[2026-09-16 11:31:33] kill -9 due to: wake, bar never responded
[2026-09-16 11:31:35] kill -9 due to: sustained unresponsiveness (periodic)
[2026-09-16 11:31:45] bar relaunched via launchctl kickstart
[2026-09-16 11:31:45] bar relaunched (launchd)
[2026-09-16 14:33:06] wake notification
[2026-09-16 14:33:09] bar not responsive on attempt 1/4
[2026-09-16 14:33:10] periodic probe: bar unresponsive
[2026-09-16 14:33:12] bar not responsive on attempt 2/4
[2026-09-16 14:33:15] kill -9 due to: sustained unresponsiveness (periodic)
[2026-09-16 14:33:15] bar not responsive on attempt 3/4
[2026-09-16 14:33:18] bar responsive on attempt 4 -> reload
[2026-09-16 14:33:18] reload due to: wake, bar responsive
[2026-09-16 14:33:19] bar relaunched (launchd)
[2026-09-16 14:33:22] bar healthy after reload
[2026-09-16 18:49:40] periodic probe: bar unresponsive
[2026-09-16 18:49:45] kill -9 due to: sustained unresponsiveness (periodic)
[2026-09-16 18:49:47] bar relaunched (launchd)
[2026-09-17 10:36:04] wake notification
[2026-09-17 10:36:07] bar not responsive on attempt 1/4
[2026-09-17 10:36:10] periodic probe: bar unresponsive
[2026-09-17 10:36:10] bar not responsive on attempt 2/4
[2026-09-17 10:36:13] bar not responsive on attempt 3/4
[2026-09-17 10:36:15] kill -9 due to: sustained unresponsiveness (periodic)
[2026-09-17 10:36:16] bar not responsive on attempt 4/4
[2026-09-17 10:36:18] bar never responded in 4 attempts -> kill
[2026-09-17 10:36:18] kill -9 due to: wake, bar never responded
[2026-09-17 10:36:19] bar relaunched (launchd)
[2026-09-17 10:36:29] bar relaunched (launchd)
[2026-09-17 13:56:45] wake notification
[2026-09-17 13:56:48] bar not responsive on attempt 1/4
[2026-09-17 13:56:50] periodic probe: bar unresponsive
[2026-09-17 13:56:51] bar not responsive on attempt 2/4
[2026-09-17 13:56:54] bar not responsive on attempt 3/4
[2026-09-17 13:56:55] kill -9 due to: sustained unresponsiveness (periodic)
[2026-09-17 13:56:57] bar not responsive on attempt 4/4
[2026-09-17 13:56:59] bar relaunched (launchd)
[2026-09-17 13:56:59] bar never responded in 4 attempts -> kill
[2026-09-17 13:56:59] kill -9 due to: wake, bar never responded
[2026-09-17 13:57:08] bar relaunched (launchd)
[2026-09-17 14:14:00] periodic probe: bar unresponsive
[2026-09-17 14:14:06] kill -9 due to: sustained unresponsiveness (periodic)
[2026-09-17 14:14:56] wake_watch started pid=866
[2026-09-18 10:00:32] wake notification
[2026-09-18 10:00:35] bar not responsive on attempt 1/4
[2026-09-18 10:00:38] bar not responsive on attempt 2/4
[2026-09-18 10:00:39] periodic probe: bar unresponsive
[2026-09-18 10:00:41] bar not responsive on attempt 3/4
[2026-09-18 10:00:44] bar not responsive on attempt 4/4
[2026-09-18 10:00:44] kill -9 due to: sustained unresponsiveness (periodic)
[2026-09-18 10:00:46] bar never responded in 4 attempts -> kill
[2026-09-18 10:00:46] kill -9 due to: wake, bar never responded
[2026-09-18 10:00:58] bar relaunched (launchd)
[2026-09-18 10:00:59] bar relaunched (launchd)
[2026-09-18 11:50:55] wake notification
[2026-09-18 11:50:58] bar not responsive on attempt 1/4
[2026-09-18 11:50:59] periodic probe: bar unresponsive
[2026-09-18 11:51:01] bar not responsive on attempt 2/4
[2026-09-18 11:51:04] bar not responsive on attempt 3/4
[2026-09-18 11:51:04] kill -9 due to: sustained unresponsiveness (periodic)
[2026-09-18 11:51:06] bar relaunched (launchd)
[2026-09-18 11:51:07] bar not responsive on attempt 4/4
[2026-09-18 11:51:09] bar never responded in 4 attempts -> kill
[2026-09-18 11:51:09] kill -9 due to: wake, bar never responded
[2026-09-18 11:51:18] bar relaunched (launchd)
[2026-09-18 13:28:08] wake notification
[2026-09-18 13:28:11] bar not responsive on attempt 1/4
[2026-09-18 13:28:14] bar not responsive on attempt 2/4
[2026-09-18 13:28:17] bar not responsive on attempt 3/4
[2026-09-18 13:28:19] periodic probe: bar unresponsive
[2026-09-18 13:28:21] bar not responsive on attempt 4/4
[2026-09-18 13:28:23] bar never responded in 4 attempts -> kill
[2026-09-18 13:28:23] kill -9 due to: wake, bar never responded
[2026-09-18 13:28:27] bar relaunched (launchd)
[2026-09-18 15:05:12] wake notification
[2026-09-18 15:05:15] bar not responsive on attempt 1/4
[2026-09-18 15:05:18] bar not responsive on attempt 2/4
[2026-09-18 15:05:19] periodic probe: bar unresponsive
[2026-09-18 15:05:21] bar not responsive on attempt 3/4
[2026-09-18 15:05:24] bar not responsive on attempt 4/4
[2026-09-18 15:05:24] kill -9 due to: sustained unresponsiveness (periodic)
[2026-09-18 15:05:26] bar never responded in 4 attempts -> kill
[2026-09-18 15:05:26] kill -9 due to: wake, bar never responded
[2026-09-18 15:05:38] bar relaunched (launchd)
[2026-09-18 15:05:39] bar relaunched (launchd)
[2026-09-18 15:58:59] periodic probe: bar unresponsive
[2026-09-18 15:59:04] kill -9 due to: sustained unresponsiveness (periodic)
[2026-09-18 15:59:06] bar relaunched (launchd)
[2026-09-18 17:37:39] periodic probe: bar unresponsive
[2026-09-18 20:57:00] wake notification
[2026-09-18 20:57:03] bar not responsive on attempt 1/4
[2026-09-18 20:57:06] bar not responsive on attempt 2/4
[2026-09-18 20:57:09] bar not responsive on attempt 3/4
[2026-09-18 20:57:09] periodic probe: bar unresponsive
[2026-09-18 20:57:12] bar not responsive on attempt 4/4
[2026-09-18 20:57:14] kill -9 due to: sustained unresponsiveness (periodic)
[2026-09-18 20:57:15] bar never responded in 4 attempts -> kill
[2026-09-18 20:57:15] kill -9 due to: wake, bar never responded
[2026-09-18 20:57:27] bar relaunched (launchd)
[2026-09-18 20:57:27] bar relaunched (launchd)
[2026-09-18 20:59:10] wake notification
[2026-09-18 20:59:13] bar not responsive on attempt 1/4
[2026-09-18 20:59:16] bar not responsive on attempt 2/4
[2026-09-18 20:59:19] bar not responsive on attempt 3/4
[2026-09-18 20:59:19] periodic probe: bar unresponsive
[2026-09-18 20:59:22] bar not responsive on attempt 4/4
[2026-09-18 20:59:24] kill -9 due to: sustained unresponsiveness (periodic)
[2026-09-18 20:59:24] bar never responded in 4 attempts -> kill
[2026-09-18 20:59:24] kill -9 due to: wake, bar never responded
[2026-09-18 20:59:37] bar relaunched (launchd)
[2026-09-18 20:59:37] bar relaunched (launchd)
[2026-09-19 12:12:12] wake notification
[2026-09-19 12:12:16] bar not responsive on attempt 1/4
[2026-09-19 12:12:19] bar not responsive on attempt 2/4
[2026-09-19 12:12:19] periodic probe: bar unresponsive
[2026-09-19 12:12:22] bar not responsive on attempt 3/4
[2026-09-19 12:12:24] kill -9 due to: sustained unresponsiveness (periodic)
[2026-09-19 12:12:25] bar not responsive on attempt 4/4
[2026-09-19 12:12:27] bar never responded in 4 attempts -> kill
[2026-09-19 12:12:27] kill -9 due to: wake, bar never responded
[2026-09-19 12:12:37] bar relaunched via launchctl kickstart
[2026-09-19 12:12:37] bar relaunched (launchd)
[2026-09-19 17:38:53] wake notification
[2026-09-19 17:38:56] bar not responsive on attempt 1/4
[2026-09-19 17:38:59] periodic probe: bar unresponsive
[2026-09-19 17:38:59] bar not responsive on attempt 2/4
[2026-09-19 17:39:03] bar not responsive on attempt 3/4
[2026-09-19 17:39:04] kill -9 due to: sustained unresponsiveness (periodic)
[2026-09-19 17:39:06] bar not responsive on attempt 4/4
[2026-09-19 17:39:08] bar never responded in 4 attempts -> kill
[2026-09-19 17:39:08] kill -9 due to: wake, bar never responded
[2026-09-19 17:39:09] bar relaunched (launchd)
[2026-09-19 17:39:18] bar relaunched (launchd)
[2026-09-19 18:03:13] wake notification
[2026-09-19 18:03:17] bar not responsive on attempt 1/4
[2026-09-19 18:03:19] periodic probe: bar unresponsive
[2026-09-19 18:03:20] bar not responsive on attempt 2/4
[2026-09-19 18:03:23] bar not responsive on attempt 3/4
[2026-09-19 18:03:24] kill -9 due to: sustained unresponsiveness (periodic)
[2026-09-19 18:03:26] bar not responsive on attempt 4/4
[2026-09-19 18:03:28] bar never responded in 4 attempts -> kill
[2026-09-19 18:03:28] kill -9 due to: wake, bar never responded
[2026-09-19 18:03:29] bar relaunched (launchd)
[2026-09-19 18:03:38] bar relaunched (launchd)
[2026-09-20 12:01:55] wake notification
[2026-09-20 12:01:58] bar not responsive on attempt 1/4
[2026-09-20 12:01:59] periodic probe: bar unresponsive
[2026-09-20 12:02:01] bar not responsive on attempt 2/4
[2026-09-20 12:02:04] bar not responsive on attempt 3/4
[2026-09-20 12:02:04] kill -9 due to: sustained unresponsiveness (periodic)
[2026-09-20 12:02:07] bar relaunched (launchd)
[2026-09-20 12:02:07] bar not responsive on attempt 4/4
[2026-09-20 12:02:09] bar never responded in 4 attempts -> kill
[2026-09-20 12:02:09] kill -9 due to: wake, bar never responded
[2026-09-20 12:02:18] bar relaunched (launchd)
[2026-09-21 11:01:14] wake notification
[2026-09-21 11:01:17] bar not responsive on attempt 1/4
[2026-09-21 11:01:19] periodic probe: bar unresponsive
[2026-09-21 11:01:20] bar not responsive on attempt 2/4
[2026-09-21 11:01:23] bar not responsive on attempt 3/4
[2026-09-21 11:01:25] kill -9 due to: sustained unresponsiveness (periodic)
[2026-09-21 11:01:26] bar not responsive on attempt 4/4
[2026-09-21 11:01:27] bar relaunched (launchd)
[2026-09-21 11:01:28] bar never responded in 4 attempts -> kill
[2026-09-21 11:01:28] kill -9 due to: wake, bar never responded
[2026-09-21 11:01:39] bar relaunched (launchd)
[2026-09-21 12:07:09] periodic probe: bar unresponsive
[2026-09-21 13:48:06] wake notification
[2026-09-21 13:48:09] periodic probe: bar unresponsive
[2026-09-21 13:48:09] bar not responsive on attempt 1/4
[2026-09-21 13:48:12] bar not responsive on attempt 2/4
[2026-09-21 13:48:14] kill -9 due to: sustained unresponsiveness (periodic)
[2026-09-21 13:48:15] bar not responsive on attempt 3/4
[2026-09-21 13:48:18] bar relaunched (launchd)
[2026-09-21 13:48:19] bar not responsive on attempt 4/4
[2026-09-21 13:48:21] bar never responded in 4 attempts -> kill
[2026-09-21 13:48:21] kill -9 due to: wake, bar never responded
[2026-09-21 13:48:27] bar relaunched (launchd)
[2026-09-21 17:38:19] periodic probe: bar unresponsive
[2026-09-21 19:09:52] wake notification
[2026-09-21 19:09:55] bar not responsive on attempt 1/4
[2026-09-21 19:09:58] bar not responsive on attempt 2/4
[2026-09-21 19:09:59] periodic probe: bar unresponsive
[2026-09-21 19:10:02] bar not responsive on attempt 3/4
[2026-09-21 19:10:04] kill -9 due to: sustained unresponsiveness (periodic)
[2026-09-21 19:10:05] bar not responsive on attempt 4/4
[2026-09-21 19:10:06] bar relaunched (launchd)
[2026-09-21 19:10:07] bar never responded in 4 attempts -> kill
[2026-09-21 19:10:07] kill -9 due to: wake, bar never responded
[2026-09-21 19:10:17] bar relaunched (launchd)
[2026-09-21 19:11:49] periodic probe: bar unresponsive
[2026-09-21 19:11:54] kill -9 due to: sustained unresponsiveness (periodic)
[2026-09-21 19:11:56] bar relaunched (launchd)
[2026-09-22 09:54:03] wake notification
[2026-09-22 09:54:06] bar not responsive on attempt 1/4
[2026-09-22 09:54:09] bar not responsive on attempt 2/4
[2026-09-22 09:54:09] periodic probe: bar unresponsive
[2026-09-22 09:54:12] bar not responsive on attempt 3/4
[2026-09-22 09:54:14] kill -9 due to: sustained unresponsiveness (periodic)
[2026-09-22 09:54:15] bar not responsive on attempt 4/4
[2026-09-22 09:54:16] bar relaunched (launchd)
[2026-09-22 09:54:17] bar never responded in 4 attempts -> kill
[2026-09-22 09:54:17] kill -9 due to: wake, bar never responded
[2026-09-22 09:54:28] bar relaunched (launchd)
[2026-09-22 09:54:39] periodic probe: bar unresponsive
[2026-09-22 11:17:36] wake notification
[2026-09-22 11:17:39] bar not responsive on attempt 1/4
[2026-09-22 11:17:39] periodic probe: bar unresponsive
[2026-09-22 11:17:42] bar not responsive on attempt 2/4
[2026-09-22 11:17:44] kill -9 due to: sustained unresponsiveness (periodic)
[2026-09-22 11:17:45] bar not responsive on attempt 3/4
[2026-09-22 11:17:49] bar not responsive on attempt 4/4
[2026-09-22 11:17:49] bar relaunched (launchd)
[2026-09-22 11:17:51] bar never responded in 4 attempts -> kill
[2026-09-22 11:17:51] kill -9 due to: wake, bar never responded
[2026-09-22 11:17:57] bar relaunched (launchd)
[2026-09-22 16:11:10] wake notification
[2026-09-22 16:11:13] bar not responsive on attempt 1/4
[2026-09-22 16:11:16] bar not responsive on attempt 2/4
[2026-09-22 16:11:19] bar not responsive on attempt 3/4
[2026-09-22 16:11:19] periodic probe: bar unresponsive
[2026-09-22 16:11:22] bar not responsive on attempt 4/4
[2026-09-22 16:11:24] bar never responded in 4 attempts -> kill
[2026-09-22 16:11:24] kill -9 due to: wake, bar never responded
[2026-09-22 16:11:24] kill -9 due to: sustained unresponsiveness (periodic)
[2026-09-22 16:11:37] bar relaunched (launchd)
[2026-09-22 16:11:37] bar relaunched (launchd)
[2026-09-22 16:37:39] periodic probe: bar unresponsive
[2026-09-22 16:37:44] kill -9 due to: sustained unresponsiveness (periodic)
[2026-09-22 16:38:00] bar relaunched via launchctl kickstart
[2026-09-22 16:38:39] periodic probe: bar unresponsive
[2026-09-22 16:38:44] kill -9 due to: sustained unresponsiveness (periodic)
[2026-09-22 16:48:34] wake_watch started pid=1372
[2026-09-22 16:48:35] periodic probe: bar unresponsive
[2026-09-22 16:49:57] periodic probe: bar unresponsive
[2026-09-22 20:54:17] wake notification
[2026-09-22 20:54:20] bar not responsive on attempt 1/4
[2026-09-22 20:54:23] bar not responsive on attempt 2/4
[2026-09-22 20:54:27] bar not responsive on attempt 3/4
[2026-09-22 20:54:27] periodic probe: bar unresponsive
[2026-09-22 20:54:30] bar not responsive on attempt 4/4
[2026-09-22 20:54:32] bar never responded in 4 attempts -> kill
[2026-09-22 20:54:32] kill -9 due to: wake, bar never responded
[2026-09-22 20:54:32] kill -9 due to: sustained unresponsiveness (periodic)
[2026-09-22 20:54:44] bar relaunched (launchd)
[2026-09-22 20:54:44] bar relaunched (launchd)
[2026-09-22 21:11:24] wake notification
[2026-09-22 21:11:27] bar not responsive on attempt 1/4
[2026-09-22 21:11:27] periodic probe: bar unresponsive
[2026-09-22 21:11:30] bar not responsive on attempt 2/4
[2026-09-22 21:11:32] kill -9 due to: sustained unresponsiveness (periodic)
[2026-09-22 21:11:33] bar not responsive on attempt 3/4
[2026-09-22 21:11:36] bar not responsive on attempt 4/4
[2026-09-22 21:11:36] bar relaunched (launchd)
[2026-09-22 21:11:38] bar never responded in 4 attempts -> kill
[2026-09-22 21:11:38] kill -9 due to: wake, bar never responded
[2026-09-22 21:11:44] bar relaunched (launchd)
[2026-09-23 10:22:01] wake notification
[2026-09-23 10:22:04] bar not responsive on attempt 1/4
[2026-09-23 10:22:07] periodic probe: bar unresponsive
[2026-09-23 10:22:07] bar not responsive on attempt 2/4
[2026-09-23 10:22:10] bar not responsive on attempt 3/4
[2026-09-23 10:22:12] kill -9 due to: sustained unresponsiveness (periodic)
[2026-09-23 10:22:13] bar not responsive on attempt 4/4
[2026-09-23 10:22:14] bar relaunched (launchd)
[2026-09-23 10:22:15] bar never responded in 4 attempts -> kill
[2026-09-23 10:22:15] kill -9 due to: wake, bar never responded
[2026-09-23 10:22:26] bar relaunched (launchd)
[2026-09-23 11:08:15] wake notification
[2026-09-23 11:08:17] periodic probe: bar unresponsive
[2026-09-23 11:08:18] bar not responsive on attempt 1/4
[2026-09-23 11:08:21] bar not responsive on attempt 2/4
[2026-09-23 11:08:22] kill -9 due to: sustained unresponsiveness (periodic)
[2026-09-23 11:08:24] bar responsive on attempt 3 -> reload
[2026-09-23 11:08:24] reload due to: wake, bar responsive
[2026-09-23 11:08:26] bar relaunched (launchd)
[2026-09-23 11:08:29] bar healthy after reload
